timestamp,agent_id,dqn_action,optimal_action,correct,reason
2025-10-19 13:26:38.000000,dqn_agent,1,0,False,❌ Low sepsis risk (0.00) can use edge processing - Decision suboptimal
2025-10-19 13:26:38.066225,dqn_agent,0,0,True,✅ Low sepsis risk (0.04) can use edge processing - Decision appropriate
2025-10-19 13:26:38.132450,dqn_agent,0,0,True,✅ Low sepsis risk (0.00) can use edge processing - Decision appropriate
2025-10-19 13:26:38.198675,dqn_agent,1,0,False,❌ Low sepsis risk (0.00) can use edge processing - Decision suboptimal
2025-10-19 13:26:38.264901,dqn_agent,1,0,False,❌ Low sepsis risk (0.00) can use edge processing - Decision suboptimal
2025-10-19 13:26:38.331126,dqn_agent,1,0,False,❌ Low sepsis risk (0.24) can use edge processing - Decision suboptimal
2025-10-19 13:26:38.397351,dqn_agent,1,0,False,❌ Low sepsis risk (0.00) can use edge processing - Decision suboptimal
2025-10-19 13:26:38.463576,dqn_agent,1,0,False,❌ Low sepsis risk (0.00) can use edge processing - Decision suboptimal
2025-10-19 13:26:38.529801,dqn_agent,0,0,True,✅ Low sepsis risk (0.00) can use edge processing - Decision appropriate
2025-10-19 13:26:38.596026,dqn_agent,0,0,True,✅ Low sepsis risk (0.00) can use edge processing - Decision appropriate
2025-10-19 13:26:38.662252,dqn_agent,1,0,False,❌ Low sepsis risk (0.14) can use edge processing - Decision suboptimal
2025-10-19 13:26:38.728477,dqn_agent,0,0,True,✅ Low sepsis risk (0.00) can use edge processing - Decision appropriate
2025-10-19 13:26:38.794702,dqn_agent,1,0,False,❌ Low sepsis risk (0.00) can use edge processing - Decision suboptimal
2025-10-19 13:26:38.860927,dqn_agent,0,0,True,✅ Low sepsis risk (0.00) can use edge processing - Decision appropriate
2025-10-19 13:26:38.927152,dqn_agent,1,0,False,❌ Low sepsis risk (0.00) can use edge processing - Decision suboptimal
2025-10-19 13:26:38.993377,dqn_agent,1,0,False,❌ Low sepsis risk (0.00) can use edge processing - Decision suboptimal
2025-10-19 13:26:39.059603,dqn_agent,1,0,False,❌ Low sepsis risk (0.20) can use edge processing - Decision suboptimal
2025-10-19 13:26:39.125828,dqn_agent,1,0,False,❌ Low sepsis risk (0.00) can use edge processing - Decision suboptimal
2025-10-19 13:26:39.192053,dqn_agent,1,0,False,❌ Low sepsis risk (0.00) can use edge processing - Decision suboptimal
2025-10-19 13:26:39.258278,dqn_agent,0,0,True,✅ Low sepsis risk (0.10) can use edge processing - Decision appropriate
2025-10-19 13:26:39.324503,dqn_agent,1,0,False,❌ Low sepsis risk (0.00) can use edge processing - Decision suboptimal
2025-10-19 13:26:39.390728,dqn_agent,0,0,True,✅ Low sepsis risk (0.00) can use edge processing - Decision appropriate
2025-10-19 13:26:39.456954,dqn_agent,0,0,True,✅ Low sepsis risk (0.00) can use edge processing - Decision appropriate
2025-10-19 13:26:39.523179,dqn_agent,0,0,True,✅ Low sepsis risk (0.00) can use edge processing - Decision appropriate
2025-10-19 13:26:39.589404,dqn_agent,1,0,False,❌ Low sepsis risk (0.00) can use edge processing - Decision suboptimal
2025-10-19 13:26:39.655629,dqn_agent,1,1,True,✅ Moderate sepsis risk (0.30) benefits from cloud accuracy - Decision appropriate
2025-10-19 13:26:39.721854,dqn_agent,1,0,False,❌ Low sepsis risk (0.00) can use edge processing - Decision suboptimal
2025-10-19 13:26:39.788079,dqn_agent,1,0,False,❌ Low sepsis risk (0.00) can use edge processing - Decision suboptimal
2025-10-19 13:26:39.854305,dqn_agent,0,0,True,✅ Low sepsis risk (0.16) can use edge processing - Decision appropriate
2025-10-19 13:26:39.920530,dqn_agent,0,0,True,✅ Low sepsis risk (0.00) can use edge processing - Decision appropriate
2025-10-19 13:26:39.986755,dqn_agent,0,0,True,✅ Low sepsis risk (0.00) can use edge processing - Decision appropriate
2025-10-19 13:26:40.052980,dqn_agent,1,0,False,❌ Low sepsis risk (0.04) can use edge processing - Decision suboptimal
2025-10-19 13:26:40.119205,dqn_agent,0,0,True,✅ Low sepsis risk (0.00) can use edge processing - Decision appropriate
2025-10-19 13:26:40.185430,dqn_agent,1,0,False,❌ Low sepsis risk (0.00) can use edge processing - Decision suboptimal
2025-10-19 13:26:40.251656,dqn_agent,1,0,False,❌ Low sepsis risk (0.00) can use edge processing - Decision suboptimal
2025-10-19 13:26:40.317881,dqn_agent,0,0,True,✅ Low sepsis risk (0.24) can use edge processing - Decision appropriate
2025-10-19 13:26:40.384106,dqn_agent,1,0,False,❌ Low sepsis risk (0.00) can use edge processing - Decision suboptimal
2025-10-19 13:26:40.450331,dqn_agent,1,0,False,❌ Low sepsis risk (0.00) can use edge processing - Decision suboptimal
2025-10-19 13:26:40.516556,dqn_agent,0,0,True,✅ Low sepsis risk (0.00) can use edge processing - Decision appropriate
2025-10-19 13:26:40.582781,dqn_agent,1,0,False,❌ Low sepsis risk (0.00) can use edge processing - Decision suboptimal
2025-10-19 13:26:40.649007,dqn_agent,0,0,True,✅ Low sepsis risk (0.14) can use edge processing - Decision appropriate
2025-10-19 13:26:40.715232,dqn_agent,0,0,True,✅ Low sepsis risk (0.00) can use edge processing - Decision appropriate
2025-10-19 13:26:40.781457,dqn_agent,0,0,True,✅ Low sepsis risk (0.00) can use edge processing - Decision appropriate
2025-10-19 13:26:40.847682,dqn_agent,1,0,False,❌ Low sepsis risk (0.00) can use edge processing - Decision suboptimal
2025-10-19 13:26:40.913907,dqn_agent,0,0,True,✅ Low sepsis risk (0.00) can use edge processing - Decision appropriate
2025-10-19 13:26:40.980132,dqn_agent,1,0,False,❌ Low sepsis risk (0.00) can use edge processing - Decision suboptimal
2025-10-19 13:26:41.046358,dqn_agent,1,0,False,❌ Low sepsis risk (0.20) can use edge processing - Decision suboptimal
2025-10-19 13:26:41.112583,dqn_agent,1,0,False,❌ Low sepsis risk (0.00) can use edge processing - Decision suboptimal
2025-10-19 13:26:41.178808,dqn_agent,0,0,True,✅ Low sepsis risk (0.00) can use edge processing - Decision appropriate
2025-10-19 13:26:41.245033,dqn_agent,1,0,False,❌ Low sepsis risk (0.10) can use edge processing - Decision suboptimal
2025-10-19 13:26:41.311258,dqn_agent,0,0,True,✅ Low sepsis risk (0.00) can use edge processing - Decision appropriate
2025-10-19 13:26:41.377483,dqn_agent,1,0,False,❌ Low sepsis risk (0.00) can use edge processing - Decision suboptimal
2025-10-19 13:26:41.443709,dqn_agent,1,0,False,❌ Low sepsis risk (0.00) can use edge processing - Decision suboptimal
2025-10-19 13:26:41.509934,dqn_agent,0,0,True,✅ Low sepsis risk (0.00) can use edge processing - Decision appropriate
2025-10-19 13:26:41.576159,dqn_agent,1,0,False,❌ Low sepsis risk (0.00) can use edge processing - Decision suboptimal
2025-10-19 13:26:41.642384,dqn_agent,0,1,False,❌ Moderate sepsis risk (0.30) benefits from cloud accuracy - Decision suboptimal
2025-10-19 13:26:41.708609,dqn_agent,0,0,True,✅ Low sepsis risk (0.00) can use edge processing - Decision appropriate
2025-10-19 13:26:41.774834,dqn_agent,0,0,True,✅ Low sepsis risk (0.00) can use edge processing - Decision appropriate
2025-10-19 13:26:41.841060,dqn_agent,0,0,True,✅ Low sepsis risk (0.16) can use edge processing - Decision appropriate
2025-10-19 13:26:41.907285,dqn_agent,0,0,True,✅ Low sepsis risk (0.00) can use edge processing - Decision appropriate
2025-10-19 13:26:41.973510,dqn_agent,1,0,False,❌ Low sepsis risk (0.00) can use edge processing - Decision suboptimal
2025-10-19 13:26:42.039735,dqn_agent,0,0,True,✅ Low sepsis risk (0.04) can use edge processing - Decision appropriate
2025-10-19 13:26:42.105960,dqn_agent,1,0,False,❌ Low sepsis risk (0.00) can use edge processing - Decision suboptimal
2025-10-19 13:26:42.172185,dqn_agent,1,0,False,❌ Low sepsis risk (0.00) can use edge processing - Decision suboptimal
2025-10-19 13:26:42.238411,dqn_agent,1,0,False,❌ Low sepsis risk (0.00) can use edge processing - Decision suboptimal
2025-10-19 13:26:42.304636,dqn_agent,0,0,True,✅ Low sepsis risk (0.24) can use edge processing - Decision appropriate
2025-10-19 13:26:42.370861,dqn_agent,0,0,True,✅ Low sepsis risk (0.00) can use edge processing - Decision appropriate
2025-10-19 13:26:42.437086,dqn_agent,0,0,True,✅ Low sepsis risk (0.00) can use edge processing - Decision appropriate
2025-10-19 13:26:42.503311,dqn_agent,1,0,False,❌ Low sepsis risk (0.00) can use edge processing - Decision suboptimal
2025-10-19 13:26:42.569536,dqn_agent,1,0,False,❌ Low sepsis risk (0.00) can use edge processing - Decision suboptimal
2025-10-19 13:26:42.635762,dqn_agent,0,0,True,✅ Low sepsis risk (0.14) can use edge processing - Decision appropriate
2025-10-19 13:26:42.701987,dqn_agent,1,0,False,❌ Low sepsis risk (0.00) can use edge processing - Decision suboptimal
2025-10-19 13:26:42.768212,dqn_agent,0,0,True,✅ Low sepsis risk (0.00) can use edge processing - Decision appropriate
2025-10-19 13:26:42.834437,dqn_agent,0,0,True,✅ Low sepsis risk (0.00) can use edge processing - Decision appropriate
2025-10-19 13:26:42.900662,dqn_agent,1,0,False,❌ Low sepsis risk (0.00) can use edge processing - Decision suboptimal
2025-10-19 13:26:42.966887,dqn_agent,0,0,True,✅ Low sepsis risk (0.00) can use edge processing - Decision appropriate
2025-10-19 13:26:43.033113,dqn_agent,1,0,False,❌ Low sepsis risk (0.20) can use edge processing - Decision suboptimal
2025-10-19 13:26:43.099338,dqn_agent,1,0,False,❌ Low sepsis risk (0.00) can use edge processing - Decision suboptimal
2025-10-19 13:26:43.165563,dqn_agent,1,0,False,❌ Low sepsis risk (0.00) can use edge processing - Decision suboptimal
2025-10-19 13:26:43.231788,dqn_agent,0,0,True,✅ Low sepsis risk (0.10) can use edge processing - Decision appropriate
2025-10-19 13:26:43.298013,dqn_agent,1,0,False,❌ Low sepsis risk (0.00) can use edge processing - Decision suboptimal
2025-10-19 13:26:43.364238,dqn_agent,1,0,False,❌ Low sepsis risk (0.00) can use edge processing - Decision suboptimal
2025-10-19 13:26:43.430464,dqn_agent,1,0,False,❌ Low sepsis risk (0.00) can use edge processing - Decision suboptimal
2025-10-19 13:26:43.496689,dqn_agent,1,0,False,❌ Low sepsis risk (0.00) can use edge processing - Decision suboptimal
2025-10-19 13:26:43.562914,dqn_agent,1,0,False,❌ Low sepsis risk (0.00) can use edge processing - Decision suboptimal
2025-10-19 13:26:43.629139,dqn_agent,0,1,False,❌ Moderate sepsis risk (0.30) benefits from cloud accuracy - Decision suboptimal
2025-10-19 13:26:43.695364,dqn_agent,1,0,False,❌ Low sepsis risk (0.00) can use edge processing - Decision suboptimal
2025-10-19 13:26:43.761589,dqn_agent,1,0,False,❌ Low sepsis risk (0.00) can use edge processing - Decision suboptimal
2025-10-19 13:26:43.827815,dqn_agent,1,0,False,❌ Low sepsis risk (0.16) can use edge processing - Decision suboptimal
2025-10-19 13:26:43.894040,dqn_agent,1,0,False,❌ Low sepsis risk (0.00) can use edge processing - Decision suboptimal
2025-10-19 13:26:43.960265,dqn_agent,1,0,False,❌ Low sepsis risk (0.00) can use edge processing - Decision suboptimal
2025-10-19 13:26:44.026490,dqn_agent,0,0,True,✅ Low sepsis risk (0.04) can use edge processing - Decision appropriate
2025-10-19 13:26:44.092715,dqn_agent,1,0,False,❌ Low sepsis risk (0.00) can use edge processing - Decision suboptimal
2025-10-19 13:26:44.158940,dqn_agent,0,0,True,✅ Low sepsis risk (0.00) can use edge processing - Decision appropriate
2025-10-19 13:26:44.225166,dqn_agent,1,0,False,❌ Low sepsis risk (0.00) can use edge processing - Decision suboptimal
2025-10-19 13:26:44.291391,dqn_agent,1,0,False,❌ Low sepsis risk (0.24) can use edge processing - Decision suboptimal
2025-10-19 13:26:44.357616,dqn_agent,1,0,False,❌ Low sepsis risk (0.00) can use edge processing - Decision suboptimal
2025-10-19 13:26:44.423841,dqn_agent,0,0,True,✅ Low sepsis risk (0.00) can use edge processing - Decision appropriate
2025-10-19 13:26:44.490066,dqn_agent,0,0,True,✅ Low sepsis risk (0.00) can use edge processing - Decision appropriate
2025-10-19 13:26:44.556291,dqn_agent,1,0,False,❌ Low sepsis risk (0.00) can use edge processing - Decision suboptimal
2025-10-19 13:26:44.622517,dqn_agent,1,0,False,❌ Low sepsis risk (0.14) can use edge processing - Decision suboptimal
2025-10-19 13:26:44.688742,dqn_agent,0,0,True,✅ Low sepsis risk (0.00) can use edge processing - Decision appropriate
2025-10-19 13:26:44.754967,dqn_agent,0,0,True,✅ Low sepsis risk (0.00) can use edge processing - Decision appropriate
2025-10-19 13:26:44.821192,dqn_agent,1,0,False,❌ Low sepsis risk (0.00) can use edge processing - Decision suboptimal
2025-10-19 13:26:44.887417,dqn_agent,0,0,True,✅ Low sepsis risk (0.00) can use edge processing - Decision appropriate
2025-10-19 13:26:44.953642,dqn_agent,0,0,True,✅ Low sepsis risk (0.00) can use edge processing - Decision appropriate
2025-10-19 13:26:45.019868,dqn_agent,0,0,True,✅ Low sepsis risk (0.20) can use edge processing - Decision appropriate
2025-10-19 13:26:45.086093,dqn_agent,0,0,True,✅ Low sepsis risk (0.00) can use edge processing - Decision appropriate
2025-10-19 13:26:45.152318,dqn_agent,1,0,False,❌ Low sepsis risk (0.00) can use edge processing - Decision suboptimal
2025-10-19 13:26:45.218543,dqn_agent,0,0,True,✅ Low sepsis risk (0.10) can use edge processing - Decision appropriate
2025-10-19 13:26:45.284768,dqn_agent,1,0,False,❌ Low sepsis risk (0.00) can use edge processing - Decision suboptimal
2025-10-19 13:26:45.350993,dqn_agent,0,0,True,✅ Low sepsis risk (0.00) can use edge processing - Decision appropriate
2025-10-19 13:26:45.417219,dqn_agent,1,0,False,❌ Low sepsis risk (0.00) can use edge processing - Decision suboptimal
2025-10-19 13:26:45.483444,dqn_agent,0,0,True,✅ Low sepsis risk (0.00) can use edge processing - Decision appropriate
2025-10-19 13:26:45.549669,dqn_agent,1,0,False,❌ Low sepsis risk (0.00) can use edge processing - Decision suboptimal
2025-10-19 13:26:45.615894,dqn_agent,0,1,False,❌ Moderate sepsis risk (0.30) benefits from cloud accuracy - Decision suboptimal
2025-10-19 13:26:45.682119,dqn_agent,0,0,True,✅ Low sepsis risk (0.00) can use edge processing - Decision appropriate
2025-10-19 13:26:45.748344,dqn_agent,0,0,True,✅ Low sepsis risk (0.00) can use edge processing - Decision appropriate
2025-10-19 13:26:45.814570,dqn_agent,0,0,True,✅ Low sepsis risk (0.16) can use edge processing - Decision appropriate
2025-10-19 13:26:45.880795,dqn_agent,1,0,False,❌ Low sepsis risk (0.00) can use edge processing - Decision suboptimal
2025-10-19 13:26:45.947020,dqn_agent,1,0,False,❌ Low sepsis risk (0.00) can use edge processing - Decision suboptimal
2025-10-19 13:26:46.013245,dqn_agent,0,0,True,✅ Low sepsis risk (0.04) can use edge processing - Decision appropriate
2025-10-19 13:26:46.079470,dqn_agent,1,0,False,❌ Low sepsis risk (0.00) can use edge processing - Decision suboptimal
2025-10-19 13:26:46.145695,dqn_agent,0,0,True,✅ Low sepsis risk (0.00) can use edge processing - Decision appropriate
2025-10-19 13:26:46.211921,dqn_agent,1,0,False,❌ Low sepsis risk (0.00) can use edge processing - Decision suboptimal
2025-10-19 13:26:46.278146,dqn_agent,0,0,True,✅ Low sepsis risk (0.24) can use edge processing - Decision appropriate
2025-10-19 13:26:46.344371,dqn_agent,1,0,False,❌ Low sepsis risk (0.00) can use edge processing - Decision suboptimal
2025-10-19 13:26:46.410596,dqn_agent,0,0,True,✅ Low sepsis risk (0.00) can use edge processing - Decision appropriate
2025-10-19 13:26:46.476821,dqn_agent,1,0,False,❌ Low sepsis risk (0.00) can use edge processing - Decision suboptimal
2025-10-19 13:26:46.543046,dqn_agent,0,0,True,✅ Low sepsis risk (0.00) can use edge processing - Decision appropriate
2025-10-19 13:26:46.609272,dqn_agent,1,0,False,❌ Low sepsis risk (0.14) can use edge processing - Decision suboptimal
2025-10-19 13:26:46.675497,dqn_agent,1,0,False,❌ Low sepsis risk (0.00) can use edge processing - Decision suboptimal
2025-10-19 13:26:46.741722,dqn_agent,0,0,True,✅ Low sepsis risk (0.00) can use edge processing - Decision appropriate
2025-10-19 13:26:46.807947,dqn_agent,1,0,False,❌ Low sepsis risk (0.00) can use edge processing - Decision suboptimal
2025-10-19 13:26:46.874172,dqn_agent,1,0,False,❌ Low sepsis risk (0.00) can use edge processing - Decision suboptimal
2025-10-19 13:26:46.940397,dqn_agent,0,0,True,✅ Low sepsis risk (0.00) can use edge processing - Decision appropriate
2025-10-19 13:26:47.006623,dqn_agent,1,0,False,❌ Low sepsis risk (0.20) can use edge processing - Decision suboptimal
2025-10-19 13:26:47.072848,dqn_agent,1,0,False,❌ Low sepsis risk (0.00) can use edge processing - Decision suboptimal
2025-10-19 13:26:47.139073,dqn_agent,0,0,True,✅ Low sepsis risk (0.00) can use edge processing - Decision appropriate
2025-10-19 13:26:47.205298,dqn_agent,0,0,True,✅ Low sepsis risk (0.10) can use edge processing - Decision appropriate
2025-10-19 13:26:47.271523,dqn_agent,1,0,False,❌ Low sepsis risk (0.00) can use edge processing - Decision suboptimal
2025-10-19 13:26:47.337748,dqn_agent,0,0,True,✅ Low sepsis risk (0.00) can use edge processing - Decision appropriate
2025-10-19 13:26:47.403974,dqn_agent,1,0,False,❌ Low sepsis risk (0.00) can use edge processing - Decision suboptimal
2025-10-19 13:26:47.470199,dqn_agent,0,0,True,✅ Low sepsis risk (0.00) can use edge processing - Decision appropriate
2025-10-19 13:26:47.536424,dqn_agent,0,0,True,✅ Low sepsis risk (0.00) can use edge processing - Decision appropriate
2025-10-19 13:26:47.602649,dqn_agent,0,1,False,❌ Moderate sepsis risk (0.30) benefits from cloud accuracy - Decision suboptimal
2025-10-19 13:26:47.668874,dqn_agent,1,0,False,❌ Low sepsis risk (0.00) can use edge processing - Decision suboptimal
2025-10-19 13:26:47.735099,dqn_agent,1,0,False,❌ Low sepsis risk (0.00) can use edge processing - Decision suboptimal
2025-10-19 13:26:47.801325,dqn_agent,0,0,True,✅ Low sepsis risk (0.16) can use edge processing - Decision appropriate
2025-10-19 13:26:47.867550,dqn_agent,1,0,False,❌ Low sepsis risk (0.00) can use edge processing - Decision suboptimal
2025-10-19 13:26:47.933775,dqn_agent,0,0,True,✅ Low sepsis risk (0.00) can use edge processing - Decision appropriate
2025-10-19 13:26:48.000000,dqn_agent,1,0,False,❌ Low sepsis risk (0.04) can use edge processing - Decision suboptimal
2025-10-19 13:26:48.066225,dqn_agent,0,0,True,✅ Low sepsis risk (0.00) can use edge processing - Decision appropriate
2025-10-19 13:26:48.132450,dqn_agent,0,0,True,✅ Low sepsis risk (0.00) can use edge processing - Decision appropriate
2025-10-19 13:26:48.198675,dqn_agent,0,0,True,✅ Low sepsis risk (0.00) can use edge processing - Decision appropriate
2025-10-19 13:26:48.264901,dqn_agent,1,0,False,❌ Low sepsis risk (0.24) can use edge processing - Decision suboptimal
2025-10-19 13:26:48.331126,dqn_agent,1,0,False,❌ Low sepsis risk (0.00) can use edge processing - Decision suboptimal
2025-10-19 13:26:48.397351,dqn_agent,0,0,True,✅ Low sepsis risk (0.00) can use edge processing - Decision appropriate
2025-10-19 13:26:48.463576,dqn_agent,0,0,True,✅ Low sepsis risk (0.00) can use edge processing - Decision appropriate
2025-10-19 13:26:48.529801,dqn_agent,0,0,True,✅ Low sepsis risk (0.00) can use edge processing - Decision appropriate
2025-10-19 13:26:48.596026,dqn_agent,1,0,False,❌ Low sepsis risk (0.14) can use edge processing - Decision suboptimal
2025-10-19 13:26:48.662252,dqn_agent,0,0,True,✅ Low sepsis risk (0.00) can use edge processing - Decision appropriate
2025-10-19 13:26:48.728477,dqn_agent,0,0,True,✅ Low sepsis risk (0.00) can use edge processing - Decision appropriate
2025-10-19 13:26:48.794702,dqn_agent,1,0,False,❌ Low sepsis risk (0.00) can use edge processing - Decision suboptimal
2025-10-19 13:26:48.860927,dqn_agent,1,0,False,❌ Low sepsis risk (0.00) can use edge processing - Decision suboptimal
2025-10-19 13:26:48.927152,dqn_agent,0,0,True,✅ Low sepsis risk (0.00) can use edge processing - Decision appropriate
2025-10-19 13:26:48.993377,dqn_agent,0,0,True,✅ Low sepsis risk (0.20) can use edge processing - Decision appropriate
2025-10-19 13:26:49.059603,dqn_agent,1,0,False,❌ Low sepsis risk (0.00) can use edge processing - Decision suboptimal
2025-10-19 13:26:49.125828,dqn_agent,1,0,False,❌ Low sepsis risk (0.00) can use edge processing - Decision suboptimal
2025-10-19 13:26:49.192053,dqn_agent,0,0,True,✅ Low sepsis risk (0.10) can use edge processing - Decision appropriate
2025-10-19 13:26:49.258278,dqn_agent,1,0,False,❌ Low sepsis risk (0.00) can use edge processing - Decision suboptimal
2025-10-19 13:26:49.324503,dqn_agent,0,0,True,✅ Low sepsis risk (0.00) can use edge processing - Decision appropriate
2025-10-19 13:26:49.390728,dqn_agent,0,0,True,✅ Low sepsis risk (0.00) can use edge processing - Decision appropriate
2025-10-19 13:26:49.456954,dqn_agent,1,0,False,❌ Low sepsis risk (0.00) can use edge processing - Decision suboptimal
2025-10-19 13:26:49.523179,dqn_agent,1,0,False,❌ Low sepsis risk (0.00) can use edge processing - Decision suboptimal
2025-10-19 13:26:49.589404,dqn_agent,0,1,False,❌ Moderate sepsis risk (0.30) benefits from cloud accuracy - Decision suboptimal
2025-10-19 13:26:49.655629,dqn_agent,1,0,False,❌ Low sepsis risk (0.00) can use edge processing - Decision suboptimal
2025-10-19 13:26:49.721854,dqn_agent,1,0,False,❌ Low sepsis risk (0.00) can use edge processing - Decision suboptimal
2025-10-19 13:26:49.788079,dqn_agent,0,0,True,✅ Low sepsis risk (0.16) can use edge processing - Decision appropriate
2025-10-19 13:26:49.854305,dqn_agent,0,0,True,✅ Low sepsis risk (0.00) can use edge processing - Decision appropriate
2025-10-19 13:26:49.920530,dqn_agent,1,0,False,❌ Low sepsis risk (0.00) can use edge processing - Decision suboptimal
2025-10-19 13:26:49.986755,dqn_agent,1,0,False,❌ Low sepsis risk (0.04) can use edge processing - Decision suboptimal
2025-10-19 13:26:50.052980,dqn_agent,0,0,True,✅ Low sepsis risk (0.00) can use edge processing - Decision appropriate
2025-10-19 13:26:50.119205,dqn_agent,0,0,True,✅ Low sepsis risk (0.00) can use edge processing - Decision appropriate
2025-10-19 13:26:50.185430,dqn_agent,1,0,False,❌ Low sepsis risk (0.00) can use edge processing - Decision suboptimal
2025-10-19 13:26:50.251656,dqn_agent,0,0,True,✅ Low sepsis risk (0.24) can use edge processing - Decision appropriate
2025-10-19 13:26:50.317881,dqn_agent,1,0,False,❌ Low sepsis risk (0.00) can use edge processing - Decision suboptimal
2025-10-19 13:26:50.384106,dqn_agent,1,0,False,❌ Low sepsis risk (0.00) can use edge processing - Decision suboptimal
2025-10-19 13:26:50.450331,dqn_agent,0,0,True,✅ Low sepsis risk (0.00) can use edge processing - Decision appropriate
2025-10-19 13:26:50.516556,dqn_agent,0,0,True,✅ Low sepsis risk (0.00) can use edge processing - Decision appropriate
2025-10-19 13:26:50.582781,dqn_agent,1,0,False,❌ Low sepsis risk (0.14) can use edge processing - Decision suboptimal
2025-10-19 13:26:50.649007,dqn_agent,1,0,False,❌ Low sepsis risk (0.00) can use edge processing - Decision suboptimal
2025-10-19 13:26:50.715232,dqn_agent,0,0,True,✅ Low sepsis risk (0.00) can use edge processing - Decision appropriate
2025-10-19 13:26:50.781457,dqn_agent,1,0,False,❌ Low sepsis risk (0.00) can use edge processing - Decision suboptimal
2025-10-19 13:26:50.847682,dqn_agent,0,0,True,✅ Low sepsis risk (0.00) can use edge processing - Decision appropriate
2025-10-19 13:26:50.913907,dqn_agent,0,0,True,✅ Low sepsis risk (0.00) can use edge processing - Decision appropriate
2025-10-19 13:26:50.980132,dqn_agent,0,0,True,✅ Low sepsis risk (0.20) can use edge processing - Decision appropriate
2025-10-19 13:26:51.046358,dqn_agent,1,0,False,❌ Low sepsis risk (0.00) can use edge processing - Decision suboptimal
2025-10-19 13:26:51.112583,dqn_agent,1,0,False,❌ Low sepsis risk (0.00) can use edge processing - Decision suboptimal
2025-10-19 13:26:51.178808,dqn_agent,1,0,False,❌ Low sepsis risk (0.10) can use edge processing - Decision suboptimal
2025-10-19 13:26:51.245033,dqn_agent,1,0,False,❌ Low sepsis risk (0.00) can use edge processing - Decision suboptimal
2025-10-19 13:26:51.311258,dqn_agent,1,0,False,❌ Low sepsis risk (0.00) can use edge processing - Decision suboptimal
2025-10-19 13:26:51.377483,dqn_agent,1,0,False,❌ Low sepsis risk (0.00) can use edge processing - Decision suboptimal
2025-10-19 13:26:51.443709,dqn_agent,0,0,True,✅ Low sepsis risk (0.00) can use edge processing - Decision appropriate
2025-10-19 13:26:51.509934,dqn_agent,0,0,True,✅ Low sepsis risk (0.00) can use edge processing - Decision appropriate
2025-10-19 13:26:51.576159,dqn_agent,0,1,False,❌ Moderate sepsis risk (0.30) benefits from cloud accuracy - Decision suboptimal
2025-10-19 13:26:51.642384,dqn_agent,0,0,True,✅ Low sepsis risk (0.00) can use edge processing - Decision appropriate
2025-10-19 13:26:51.708609,dqn_agent,0,0,True,✅ Low sepsis risk (0.00) can use edge processing - Decision appropriate
2025-10-19 13:26:51.774834,dqn_agent,0,0,True,✅ Low sepsis risk (0.16) can use edge processing - Decision appropriate
2025-10-19 13:26:51.841060,dqn_agent,1,0,False,❌ Low sepsis risk (0.00) can use edge processing - Decision suboptimal
2025-10-19 13:26:51.907285,dqn_agent,1,0,False,❌ Low sepsis risk (0.00) can use edge processing - Decision suboptimal
2025-10-19 13:26:51.973510,dqn_agent,1,0,False,❌ Low sepsis risk (0.04) can use edge processing - Decision suboptimal
2025-10-19 13:26:52.039735,dqn_agent,1,0,False,❌ Low sepsis risk (0.00) can use edge processing - Decision suboptimal
2025-10-19 13:26:52.105960,dqn_agent,0,0,True,✅ Low sepsis risk (0.00) can use edge processing - Decision appropriate
2025-10-19 13:26:52.172185,dqn_agent,1,0,False,❌ Low sepsis risk (0.00) can use edge processing - Decision suboptimal
2025-10-19 13:26:52.238411,dqn_agent,0,0,True,✅ Low sepsis risk (0.24) can use edge processing - Decision appropriate
2025-10-19 13:26:52.304636,dqn_agent,0,0,True,✅ Low sepsis risk (0.00) can use edge processing - Decision appropriate
2025-10-19 13:26:52.370861,dqn_agent,1,0,False,❌ Low sepsis risk (0.00) can use edge processing - Decision suboptimal
2025-10-19 13:26:52.437086,dqn_agent,1,0,False,❌ Low sepsis risk (0.00) can use edge processing - Decision suboptimal
2025-10-19 13:26:52.503311,dqn_agent,0,0,True,✅ Low sepsis risk (0.00) can use edge processing - Decision appropriate
2025-10-19 13:26:52.569536,dqn_agent,0,0,True,✅ Low sepsis risk (0.14) can use edge processing - Decision appropriate
2025-10-19 13:26:52.635762,dqn_agent,0,0,True,✅ Low sepsis risk (0.00) can use edge processing - Decision appropriate
2025-10-19 13:26:52.701987,dqn_agent,0,0,True,✅ Low sepsis risk (0.00) can use edge processing - Decision appropriate
2025-10-19 13:26:52.768212,dqn_agent,1,0,False,❌ Low sepsis risk (0.00) can use edge processing - Decision suboptimal
2025-10-19 13:26:52.834437,dqn_agent,0,0,True,✅ Low sepsis risk (0.00) can use edge processing - Decision appropriate
2025-10-19 13:26:52.900662,dqn_agent,1,0,False,❌ Low sepsis risk (0.00) can use edge processing - Decision suboptimal
2025-10-19 13:26:52.966887,dqn_agent,1,0,False,❌ Low sepsis risk (0.20) can use edge processing - Decision suboptimal
2025-10-19 13:26:53.033113,dqn_agent,0,0,True,✅ Low sepsis risk (0.00) can use edge processing - Decision appropriate
2025-10-19 13:26:53.099338,dqn_agent,0,0,True,✅ Low sepsis risk (0.00) can use edge processing - Decision appropriate
2025-10-19 13:26:53.165563,dqn_agent,1,0,False,❌ Low sepsis risk (0.10) can use edge processing - Decision suboptimal
2025-10-19 13:26:53.231788,dqn_agent,0,0,True,✅ Low sepsis risk (0.00) can use edge processing - Decision appropriate
2025-10-19 13:26:53.298013,dqn_agent,1,0,False,❌ Low sepsis risk (0.00) can use edge processing - Decision suboptimal
2025-10-19 13:26:53.364238,dqn_agent,1,0,False,❌ Low sepsis risk (0.00) can use edge processing - Decision suboptimal
2025-10-19 13:26:53.430464,dqn_agent,1,0,False,❌ Low sepsis risk (0.00) can use edge processing - Decision suboptimal
2025-10-19 13:26:53.496689,dqn_agent,0,0,True,✅ Low sepsis risk (0.00) can use edge processing - Decision appropriate
2025-10-19 13:26:53.562914,dqn_agent,0,1,False,❌ Moderate sepsis risk (0.30) benefits from cloud accuracy - Decision suboptimal
2025-10-19 13:26:53.629139,dqn_agent,0,0,True,✅ Low sepsis risk (0.00) can use edge processing - Decision appropriate
2025-10-19 13:26:53.695364,dqn_agent,1,0,False,❌ Low sepsis risk (0.00) can use edge processing - Decision suboptimal
2025-10-19 13:26:53.761589,dqn_agent,0,0,True,✅ Low sepsis risk (0.16) can use edge processing - Decision appropriate
2025-10-19 13:26:53.827815,dqn_agent,0,0,True,✅ Low sepsis risk (0.00) can use edge processing - Decision appropriate
2025-10-19 13:26:53.894040,dqn_agent,0,0,True,✅ Low sepsis risk (0.00) can use edge processing - Decision appropriate
2025-10-19 13:26:53.960265,dqn_agent,1,0,False,❌ Low sepsis risk (0.04) can use edge processing - Decision suboptimal
2025-10-19 13:26:54.026490,dqn_agent,0,0,True,✅ Low sepsis risk (0.00) can use edge processing - Decision appropriate
2025-10-19 13:26:54.092715,dqn_agent,0,0,True,✅ Low sepsis risk (0.00) can use edge processing - Decision appropriate
2025-10-19 13:26:54.158940,dqn_agent,0,0,True,✅ Low sepsis risk (0.00) can use edge processing - Decision appropriate
2025-10-19 13:26:54.225166,dqn_agent,1,0,False,❌ Low sepsis risk (0.24) can use edge processing - Decision suboptimal
2025-10-19 13:26:54.291391,dqn_agent,0,0,True,✅ Low sepsis risk (0.00) can use edge processing - Decision appropriate
2025-10-19 13:26:54.357616,dqn_agent,1,0,False,❌ Low sepsis risk (0.00) can use edge processing - Decision suboptimal
2025-10-19 13:26:54.423841,dqn_agent,0,0,True,✅ Low sepsis risk (0.00) can use edge processing - Decision appropriate
2025-10-19 13:26:54.490066,dqn_agent,1,0,False,❌ Low sepsis risk (0.00) can use edge processing - Decision suboptimal
2025-10-19 13:26:54.556291,dqn_agent,1,0,False,❌ Low sepsis risk (0.14) can use edge processing - Decision suboptimal
2025-10-19 13:26:54.622517,dqn_agent,0,0,True,✅ Low sepsis risk (0.00) can use edge processing - Decision appropriate
2025-10-19 13:26:54.688742,dqn_agent,1,0,False,❌ Low sepsis risk (0.00) can use edge processing - Decision suboptimal
2025-10-19 13:26:54.754967,dqn_agent,1,0,False,❌ Low sepsis risk (0.00) can use edge processing - Decision suboptimal
2025-10-19 13:26:54.821192,dqn_agent,0,0,True,✅ Low sepsis risk (0.00) can use edge processing - Decision appropriate
2025-10-19 13:26:54.887417,dqn_agent,1,0,False,❌ Low sepsis risk (0.00) can use edge processing - Decision suboptimal
2025-10-19 13:26:54.953642,dqn_agent,0,0,True,✅ Low sepsis risk (0.20) can use edge processing - Decision appropriate
2025-10-19 13:26:55.019868,dqn_agent,1,0,False,❌ Low sepsis risk (0.00) can use edge processing - Decision suboptimal
2025-10-19 13:26:55.086093,dqn_agent,0,0,True,✅ Low sepsis risk (0.00) can use edge processing - Decision appropriate
2025-10-19 13:26:55.152318,dqn_agent,1,0,False,❌ Low sepsis risk (0.10) can use edge processing - Decision suboptimal
2025-10-19 13:26:55.218543,dqn_agent,1,0,False,❌ Low sepsis risk (0.00) can use edge processing - Decision suboptimal
2025-10-19 13:26:55.284768,dqn_agent,1,0,False,❌ Low sepsis risk (0.00) can use edge processing - Decision suboptimal
2025-10-19 13:26:55.350993,dqn_agent,1,0,False,❌ Low sepsis risk (0.00) can use edge processing - Decision suboptimal
2025-10-19 13:26:55.417219,dqn_agent,1,0,False,❌ Low sepsis risk (0.00) can use edge processing - Decision suboptimal
2025-10-19 13:26:55.483444,dqn_agent,1,0,False,❌ Low sepsis risk (0.00) can use edge processing - Decision suboptimal
2025-10-19 13:26:55.549669,dqn_agent,0,1,False,❌ Moderate sepsis risk (0.30) benefits from cloud accuracy - Decision suboptimal
2025-10-19 13:26:55.615894,dqn_agent,0,0,True,✅ Low sepsis risk (0.00) can use edge processing - Decision appropriate
2025-10-19 13:26:55.682119,dqn_agent,1,0,False,❌ Low sepsis risk (0.00) can use edge processing - Decision suboptimal
2025-10-19 13:26:55.748344,dqn_agent,1,0,False,❌ Low sepsis risk (0.16) can use edge processing - Decision suboptimal
2025-10-19 13:26:55.814570,dqn_agent,0,0,True,✅ Low sepsis risk (0.00) can use edge processing - Decision appropriate
2025-10-19 13:26:55.880795,dqn_agent,1,0,False,❌ Low sepsis risk (0.00) can use edge processing - Decision suboptimal
2025-10-19 13:26:55.947020,dqn_agent,1,0,False,❌ Low sepsis risk (0.04) can use edge processing - Decision suboptimal
2025-10-19 13:26:56.013245,dqn_agent,0,0,True,✅ Low sepsis risk (0.00) can use edge processing - Decision appropriate
2025-10-19 13:26:56.079470,dqn_agent,0,0,True,✅ Low sepsis risk (0.00) can use edge processing - Decision appropriate
2025-10-19 13:26:56.145695,dqn_agent,0,0,True,✅ Low sepsis risk (0.00) can use edge processing - Decision appropriate
2025-10-19 13:26:56.211921,dqn_agent,1,0,False,❌ Low sepsis risk (0.24) can use edge processing - Decision suboptimal
2025-10-19 13:26:56.278146,dqn_agent,0,0,True,✅ Low sepsis risk (0.00) can use edge processing - Decision appropriate
2025-10-19 13:26:56.344371,dqn_agent,1,0,False,❌ Low sepsis risk (0.00) can use edge processing - Decision suboptimal
2025-10-19 13:26:56.410596,dqn_agent,0,0,True,✅ Low sepsis risk (0.00) can use edge processing - Decision appropriate
2025-10-19 13:26:56.476821,dqn_agent,0,0,True,✅ Low sepsis risk (0.00) can use edge processing - Decision appropriate
2025-10-19 13:26:56.543046,dqn_agent,0,0,True,✅ Low sepsis risk (0.14) can use edge processing - Decision appropriate
2025-10-19 13:26:56.609272,dqn_agent,1,0,False,❌ Low sepsis risk (0.00) can use edge processing - Decision suboptimal
2025-10-19 13:26:56.675497,dqn_agent,1,0,False,❌ Low sepsis risk (0.00) can use edge processing - Decision suboptimal
2025-10-19 13:26:56.741722,dqn_agent,1,0,False,❌ Low sepsis risk (0.00) can use edge processing - Decision suboptimal
2025-10-19 13:26:56.807947,dqn_agent,1,0,False,❌ Low sepsis risk (0.00) can use edge processing - Decision suboptimal
2025-10-19 13:26:56.874172,dqn_agent,0,0,True,✅ Low sepsis risk (0.00) can use edge processing - Decision appropriate
2025-10-19 13:26:56.940397,dqn_agent,0,0,True,✅ Low sepsis risk (0.20) can use edge processing - Decision appropriate
2025-10-19 13:26:57.006623,dqn_agent,1,0,False,❌ Low sepsis risk (0.00) can use edge processing - Decision suboptimal
2025-10-19 13:26:57.072848,dqn_agent,0,0,True,✅ Low sepsis risk (0.00) can use edge processing - Decision appropriate
2025-10-19 13:26:57.139073,dqn_agent,0,0,True,✅ Low sepsis risk (0.10) can use edge processing - Decision appropriate
2025-10-19 13:26:57.205298,dqn_agent,0,0,True,✅ Low sepsis risk (0.00) can use edge processing - Decision appropriate
2025-10-19 13:26:57.271523,dqn_agent,1,0,False,❌ Low sepsis risk (0.00) can use edge processing - Decision suboptimal
2025-10-19 13:26:57.337748,dqn_agent,0,0,True,✅ Low sepsis risk (0.00) can use edge processing - Decision appropriate
2025-10-19 13:26:57.403974,dqn_agent,0,0,True,✅ Low sepsis risk (0.00) can use edge processing - Decision appropriate
2025-10-19 13:26:57.470199,dqn_agent,1,0,False,❌ Low sepsis risk (0.00) can use edge processing - Decision suboptimal
2025-10-19 13:26:57.536424,dqn_agent,0,1,False,❌ Moderate sepsis risk (0.30) benefits from cloud accuracy - Decision suboptimal
2025-10-19 13:26:57.602649,dqn_agent,1,0,False,❌ Low sepsis risk (0.00) can use edge processing - Decision suboptimal
2025-10-19 13:26:57.668874,dqn_agent,0,0,True,✅ Low sepsis risk (0.00) can use edge processing - Decision appropriate
2025-10-19 13:26:57.735099,dqn_agent,0,0,True,✅ Low sepsis risk (0.16) can use edge processing - Decision appropriate
2025-10-19 13:26:57.801325,dqn_agent,0,0,True,✅ Low sepsis risk (0.00) can use edge processing - Decision appropriate
2025-10-19 13:26:57.867550,dqn_agent,0,0,True,✅ Low sepsis risk (0.00) can use edge processing - Decision appropriate
2025-10-19 13:26:57.933775,dqn_agent,1,0,False,❌ Low sepsis risk (0.04) can use edge processing - Decision suboptimal
2025-10-19 13:26:58.000000,dqn_agent,0,0,True,✅ Low sepsis risk (0.00) can use edge processing - Decision appropriate
2025-10-19 13:26:58.066225,dqn_agent,1,0,False,❌ Low sepsis risk (0.00) can use edge processing - Decision suboptimal
2025-10-19 13:26:58.132450,dqn_agent,0,0,True,✅ Low sepsis risk (0.00) can use edge processing - Decision appropriate
2025-10-19 13:26:58.198675,dqn_agent,1,0,False,❌ Low sepsis risk (0.24) can use edge processing - Decision suboptimal
2025-10-19 13:26:58.264901,dqn_agent,1,0,False,❌ Low sepsis risk (0.00) can use edge processing - Decision suboptimal
2025-10-19 13:26:58.331126,dqn_agent,1,0,False,❌ Low sepsis risk (0.00) can use edge processing - Decision suboptimal
2025-10-19 13:26:58.397351,dqn_agent,0,0,True,✅ Low sepsis risk (0.00) can use edge processing - Decision appropriate
2025-10-19 13:26:58.463576,dqn_agent,1,0,False,❌ Low sepsis risk (0.00) can use edge processing - Decision suboptimal
2025-10-19 13:26:58.529801,dqn_agent,0,0,True,✅ Low sepsis risk (0.14) can use edge processing - Decision appropriate
2025-10-19 13:26:58.596026,dqn_agent,1,0,False,❌ Low sepsis risk (0.00) can use edge processing - Decision suboptimal
2025-10-19 13:26:58.662252,dqn_agent,0,0,True,✅ Low sepsis risk (0.00) can use edge processing - Decision appropriate
2025-10-19 13:26:58.728477,dqn_agent,1,0,False,❌ Low sepsis risk (0.00) can use edge processing - Decision suboptimal
2025-10-19 13:26:58.794702,dqn_agent,1,0,False,❌ Low sepsis risk (0.00) can use edge processing - Decision suboptimal
2025-10-19 13:26:58.860927,dqn_agent,0,0,True,✅ Low sepsis risk (0.00) can use edge processing - Decision appropriate
2025-10-19 13:26:58.927152,dqn_agent,1,0,False,❌ Low sepsis risk (0.20) can use edge processing - Decision suboptimal
2025-10-19 13:26:58.993377,dqn_agent,0,0,True,✅ Low sepsis risk (0.00) can use edge processing - Decision appropriate
2025-10-19 13:26:59.059603,dqn_agent,0,0,True,✅ Low sepsis risk (0.00) can use edge processing - Decision appropriate
2025-10-19 13:26:59.125828,dqn_agent,1,0,False,❌ Low sepsis risk (0.10) can use edge processing - Decision suboptimal
2025-10-19 13:26:59.192053,dqn_agent,0,0,True,✅ Low sepsis risk (0.00) can use edge processing - Decision appropriate
2025-10-19 13:26:59.258278,dqn_agent,1,0,False,❌ Low sepsis risk (0.00) can use edge processing - Decision suboptimal
2025-10-19 13:26:59.324503,dqn_agent,0,0,True,✅ Low sepsis risk (0.00) can use edge processing - Decision appropriate
2025-10-19 13:26:59.390728,dqn_agent,1,0,False,❌ Low sepsis risk (0.00) can use edge processing - Decision suboptimal
2025-10-19 13:26:59.456954,dqn_agent,0,0,True,✅ Low sepsis risk (0.00) can use edge processing - Decision appropriate
2025-10-19 13:26:59.523179,dqn_agent,0,1,False,❌ Moderate sepsis risk (0.30) benefits from cloud accuracy - Decision suboptimal
2025-10-19 13:26:59.589404,dqn_agent,0,0,True,✅ Low sepsis risk (0.00) can use edge processing - Decision appropriate
2025-10-19 13:26:59.655629,dqn_agent,1,0,False,❌ Low sepsis risk (0.00) can use edge processing - Decision suboptimal
2025-10-19 13:26:59.721854,dqn_agent,0,0,True,✅ Low sepsis risk (0.16) can use edge processing - Decision appropriate
2025-10-19 13:26:59.788079,dqn_agent,1,0,False,❌ Low sepsis risk (0.00) can use edge processing - Decision suboptimal
2025-10-19 13:26:59.854305,dqn_agent,0,0,True,✅ Low sepsis risk (0.00) can use edge processing - Decision appropriate
2025-10-19 13:26:59.920530,dqn_agent,1,0,False,❌ Low sepsis risk (0.04) can use edge processing - Decision suboptimal
2025-10-19 13:26:59.986755,dqn_agent,1,0,False,❌ Low sepsis risk (0.00) can use edge processing - Decision suboptimal
2025-10-19 13:27:00.052980,dqn_agent,1,0,False,❌ Low sepsis risk (0.00) can use edge processing - Decision suboptimal
2025-10-19 13:27:00.119205,dqn_agent,1,0,False,❌ Low sepsis risk (0.00) can use edge processing - Decision suboptimal
2025-10-19 13:27:00.185430,dqn_agent,1,0,False,❌ Low sepsis risk (0.24) can use edge processing - Decision suboptimal
2025-10-19 13:27:00.251656,dqn_agent,1,0,False,❌ Low sepsis risk (0.00) can use edge processing - Decision suboptimal
2025-10-19 13:27:00.317881,dqn_agent,0,0,True,✅ Low sepsis risk (0.00) can use edge processing - Decision appropriate
2025-10-19 13:27:00.384106,dqn_agent,0,0,True,✅ Low sepsis risk (0.00) can use edge processing - Decision appropriate
2025-10-19 13:27:00.450331,dqn_agent,0,0,True,✅ Low sepsis risk (0.00) can use edge processing - Decision appropriate
2025-10-19 13:27:00.516556,dqn_agent,1,0,False,❌ Low sepsis risk (0.14) can use edge processing - Decision suboptimal
2025-10-19 13:27:00.582781,dqn_agent,0,0,True,✅ Low sepsis risk (0.00) can use edge processing - Decision appropriate
2025-10-19 13:27:00.649007,dqn_agent,0,0,True,✅ Low sepsis risk (0.00) can use edge processing - Decision appropriate
2025-10-19 13:27:00.715232,dqn_agent,0,0,True,✅ Low sepsis risk (0.00) can use edge processing - Decision appropriate
2025-10-19 13:27:00.781457,dqn_agent,1,0,False,❌ Low sepsis risk (0.00) can use edge processing - Decision suboptimal
2025-10-19 13:27:00.847682,dqn_agent,1,0,False,❌ Low sepsis risk (0.00) can use edge processing - Decision suboptimal
2025-10-19 13:27:00.913907,dqn_agent,0,0,True,✅ Low sepsis risk (0.20) can use edge processing - Decision appropriate
2025-10-19 13:27:00.980132,dqn_agent,0,0,True,✅ Low sepsis risk (0.00) can use edge processing - Decision appropriate
2025-10-19 13:27:01.046358,dqn_agent,1,0,False,❌ Low sepsis risk (0.00) can use edge processing - Decision suboptimal
2025-10-19 13:27:01.112583,dqn_agent,0,0,True,✅ Low sepsis risk (0.10) can use edge processing - Decision appropriate
2025-10-19 13:27:01.178808,dqn_agent,0,0,True,✅ Low sepsis risk (0.00) can use edge processing - Decision appropriate
2025-10-19 13:27:01.245033,dqn_agent,0,0,True,✅ Low sepsis risk (0.00) can use edge processing - Decision appropriate
2025-10-19 13:27:01.311258,dqn_agent,0,0,True,✅ Low sepsis risk (0.00) can use edge processing - Decision appropriate
2025-10-19 13:27:01.377483,dqn_agent,1,0,False,❌ Low sepsis risk (0.00) can use edge processing - Decision suboptimal
2025-10-19 13:27:01.443709,dqn_agent,1,0,False,❌ Low sepsis risk (0.00) can use edge processing - Decision suboptimal
2025-10-19 13:27:01.509934,dqn_agent,0,1,False,❌ Moderate sepsis risk (0.30) benefits from cloud accuracy - Decision suboptimal
2025-10-19 13:27:01.576159,dqn_agent,1,0,False,❌ Low sepsis risk (0.00) can use edge processing - Decision suboptimal
2025-10-19 13:27:01.642384,dqn_agent,1,0,False,❌ Low sepsis risk (0.00) can use edge processing - Decision suboptimal
2025-10-19 13:27:01.708609,dqn_agent,0,0,True,✅ Low sepsis risk (0.16) can use edge processing - Decision appropriate
2025-10-19 13:27:01.774834,dqn_agent,1,0,False,❌ Low sepsis risk (0.00) can use edge processing - Decision suboptimal
2025-10-19 13:27:01.841060,dqn_agent,1,0,False,❌ Low sepsis risk (0.00) can use edge processing - Decision suboptimal
2025-10-19 13:27:01.907285,dqn_agent,0,0,True,✅ Low sepsis risk (0.04) can use edge processing - Decision appropriate
2025-10-19 13:27:01.973510,dqn_agent,1,0,False,❌ Low sepsis risk (0.00) can use edge processing - Decision suboptimal
2025-10-19 13:27:02.039735,dqn_agent,0,0,True,✅ Low sepsis risk (0.00) can use edge processing - Decision appropriate
2025-10-19 13:27:02.105960,dqn_agent,0,0,True,✅ Low sepsis risk (0.00) can use edge processing - Decision appropriate
2025-10-19 13:27:02.172185,dqn_agent,0,0,True,✅ Low sepsis risk (0.24) can use edge processing - Decision appropriate
2025-10-19 13:27:02.238411,dqn_agent,0,0,True,✅ Low sepsis risk (0.00) can use edge processing - Decision appropriate
2025-10-19 13:27:02.304636,dqn_agent,1,0,False,❌ Low sepsis risk (0.00) can use edge processing - Decision suboptimal
2025-10-19 13:27:02.370861,dqn_agent,0,0,True,✅ Low sepsis risk (0.00) can use edge processing - Decision appropriate
2025-10-19 13:27:02.437086,dqn_agent,1,0,False,❌ Low sepsis risk (0.00) can use edge processing - Decision suboptimal
2025-10-19 13:27:02.503311,dqn_agent,1,0,False,❌ Low sepsis risk (0.14) can use edge processing - Decision suboptimal
2025-10-19 13:27:02.569536,dqn_agent,0,0,True,✅ Low sepsis risk (0.00) can use edge processing - Decision appropriate
2025-10-19 13:27:02.635762,dqn_agent,1,0,False,❌ Low sepsis risk (0.00) can use edge processing - Decision suboptimal
2025-10-19 13:27:02.701987,dqn_agent,0,0,True,✅ Low sepsis risk (0.00) can use edge processing - Decision appropriate
2025-10-19 13:27:02.768212,dqn_agent,0,0,True,✅ Low sepsis risk (0.00) can use edge processing - Decision appropriate
2025-10-19 13:27:02.834437,dqn_agent,1,0,False,❌ Low sepsis risk (0.00) can use edge processing - Decision suboptimal
2025-10-19 13:27:02.900662,dqn_agent,1,0,False,❌ Low sepsis risk (0.20) can use edge processing - Decision suboptimal
2025-10-19 13:27:02.966887,dqn_agent,1,0,False,❌ Low sepsis risk (0.00) can use edge processing - Decision suboptimal
2025-10-19 13:27:03.033113,dqn_agent,1,0,False,❌ Low sepsis risk (0.00) can use edge processing - Decision suboptimal
2025-10-19 13:27:03.099338,dqn_agent,0,0,True,✅ Low sepsis risk (0.10) can use edge processing - Decision appropriate
2025-10-19 13:27:03.165563,dqn_agent,1,0,False,❌ Low sepsis risk (0.00) can use edge processing - Decision suboptimal
2025-10-19 13:27:03.231788,dqn_agent,0,0,True,✅ Low sepsis risk (0.00) can use edge processing - Decision appropriate
2025-10-19 13:27:03.298013,dqn_agent,0,0,True,✅ Low sepsis risk (0.00) can use edge processing - Decision appropriate
2025-10-19 13:27:03.364238,dqn_agent,0,0,True,✅ Low sepsis risk (0.00) can use edge processing - Decision appropriate
2025-10-19 13:27:03.430464,dqn_agent,0,0,True,✅ Low sepsis risk (0.00) can use edge processing - Decision appropriate
2025-10-19 13:27:03.496689,dqn_agent,0,1,False,❌ Moderate sepsis risk (0.30) benefits from cloud accuracy - Decision suboptimal
2025-10-19 13:27:03.562914,dqn_agent,1,0,False,❌ Low sepsis risk (0.00) can use edge processing - Decision suboptimal
2025-10-19 13:27:03.629139,dqn_agent,1,0,False,❌ Low sepsis risk (0.00) can use edge processing - Decision suboptimal
2025-10-19 13:27:03.695364,dqn_agent,1,0,False,❌ Low sepsis risk (0.16) can use edge processing - Decision suboptimal
2025-10-19 13:27:03.761589,dqn_agent,1,0,False,❌ Low sepsis risk (0.00) can use edge processing - Decision suboptimal
2025-10-19 13:27:03.827815,dqn_agent,1,0,False,❌ Low sepsis risk (0.00) can use edge processing - Decision suboptimal
2025-10-19 13:27:03.894040,dqn_agent,0,0,True,✅ Low sepsis risk (0.04) can use edge processing - Decision appropriate
2025-10-19 13:27:03.960265,dqn_agent,0,0,True,✅ Low sepsis risk (0.00) can use edge processing - Decision appropriate
2025-10-19 13:27:04.026490,dqn_agent,1,0,False,❌ Low sepsis risk (0.00) can use edge processing - Decision suboptimal
2025-10-19 13:27:04.092715,dqn_agent,1,0,False,❌ Low sepsis risk (0.00) can use edge processing - Decision suboptimal
2025-10-19 13:27:04.158940,dqn_agent,0,0,True,✅ Low sepsis risk (0.24) can use edge processing - Decision appropriate
2025-10-19 13:27:04.225166,dqn_agent,0,0,True,✅ Low sepsis risk (0.00) can use edge processing - Decision appropriate
2025-10-19 13:27:04.291391,dqn_agent,0,0,True,✅ Low sepsis risk (0.00) can use edge processing - Decision appropriate
2025-10-19 13:27:04.357616,dqn_agent,1,0,False,❌ Low sepsis risk (0.00) can use edge processing - Decision suboptimal
2025-10-19 13:27:04.423841,dqn_agent,0,0,True,✅ Low sepsis risk (0.00) can use edge processing - Decision appropriate
2025-10-19 13:27:04.490066,dqn_agent,1,0,False,❌ Low sepsis risk (0.14) can use edge processing - Decision suboptimal
2025-10-19 13:27:04.556291,dqn_agent,0,0,True,✅ Low sepsis risk (0.00) can use edge processing - Decision appropriate
2025-10-19 13:27:04.622517,dqn_agent,1,0,False,❌ Low sepsis risk (0.00) can use edge processing - Decision suboptimal
2025-10-19 13:27:04.688742,dqn_agent,0,0,True,✅ Low sepsis risk (0.00) can use edge processing - Decision appropriate
2025-10-19 13:27:04.754967,dqn_agent,1,0,False,❌ Low sepsis risk (0.00) can use edge processing - Decision suboptimal
2025-10-19 13:27:04.821192,dqn_agent,1,0,False,❌ Low sepsis risk (0.00) can use edge processing - Decision suboptimal
2025-10-19 13:27:04.887417,dqn_agent,0,0,True,✅ Low sepsis risk (0.20) can use edge processing - Decision appropriate
2025-10-19 13:27:04.953642,dqn_agent,0,0,True,✅ Low sepsis risk (0.00) can use edge processing - Decision appropriate
2025-10-19 13:27:05.019868,dqn_agent,1,0,False,❌ Low sepsis risk (0.00) can use edge processing - Decision suboptimal
2025-10-19 13:27:05.086093,dqn_agent,1,0,False,❌ Low sepsis risk (0.10) can use edge processing - Decision suboptimal
2025-10-19 13:27:05.152318,dqn_agent,1,0,False,❌ Low sepsis risk (0.00) can use edge processing - Decision suboptimal
2025-10-19 13:27:05.218543,dqn_agent,1,0,False,❌ Low sepsis risk (0.00) can use edge processing - Decision suboptimal
2025-10-19 13:27:05.284768,dqn_agent,0,0,True,✅ Low sepsis risk (0.00) can use edge processing - Decision appropriate
2025-10-19 13:27:05.350993,dqn_agent,1,0,False,❌ Low sepsis risk (0.00) can use edge processing - Decision suboptimal
2025-10-19 13:27:05.417219,dqn_agent,0,0,True,✅ Low sepsis risk (0.00) can use edge processing - Decision appropriate
2025-10-19 13:27:05.483444,dqn_agent,0,1,False,❌ Moderate sepsis risk (0.30) benefits from cloud accuracy - Decision suboptimal
2025-10-19 13:27:05.549669,dqn_agent,0,0,True,✅ Low sepsis risk (0.00) can use edge processing - Decision appropriate
2025-10-19 13:27:05.615894,dqn_agent,1,0,False,❌ Low sepsis risk (0.00) can use edge processing - Decision suboptimal
2025-10-19 13:27:05.682119,dqn_agent,1,0,False,❌ Low sepsis risk (0.16) can use edge processing - Decision suboptimal
2025-10-19 13:27:05.748344,dqn_agent,1,0,False,❌ Low sepsis risk (0.00) can use edge processing - Decision suboptimal
2025-10-19 13:27:05.814570,dqn_agent,1,0,False,❌ Low sepsis risk (0.00) can use edge processing - Decision suboptimal
2025-10-19 13:27:05.880795,dqn_agent,0,0,True,✅ Low sepsis risk (0.04) can use edge processing - Decision appropriate
2025-10-19 13:27:05.947020,dqn_agent,1,0,False,❌ Low sepsis risk (0.00) can use edge processing - Decision suboptimal
2025-10-19 13:27:06.013245,dqn_agent,1,0,False,❌ Low sepsis risk (0.00) can use edge processing - Decision suboptimal
2025-10-19 13:27:06.079470,dqn_agent,1,0,False,❌ Low sepsis risk (0.00) can use edge processing - Decision suboptimal
2025-10-19 13:27:06.145695,dqn_agent,0,0,True,✅ Low sepsis risk (0.24) can use edge processing - Decision appropriate
2025-10-19 13:27:06.211921,dqn_agent,0,0,True,✅ Low sepsis risk (0.00) can use edge processing - Decision appropriate
2025-10-19 13:27:06.278146,dqn_agent,0,0,True,✅ Low sepsis risk (0.00) can use edge processing - Decision appropriate
2025-10-19 13:27:06.344371,dqn_agent,0,0,True,✅ Low sepsis risk (0.00) can use edge processing - Decision appropriate
2025-10-19 13:27:06.410596,dqn_agent,1,0,False,❌ Low sepsis risk (0.00) can use edge processing - Decision suboptimal
2025-10-19 13:27:06.476821,dqn_agent,1,0,False,❌ Low sepsis risk (0.14) can use edge processing - Decision suboptimal
2025-10-19 13:27:06.543046,dqn_agent,0,0,True,✅ Low sepsis risk (0.00) can use edge processing - Decision appropriate
2025-10-19 13:27:06.609272,dqn_agent,1,0,False,❌ Low sepsis risk (0.00) can use edge processing - Decision suboptimal
2025-10-19 13:27:06.675497,dqn_agent,1,0,False,❌ Low sepsis risk (0.00) can use edge processing - Decision suboptimal
2025-10-19 13:27:06.741722,dqn_agent,1,0,False,❌ Low sepsis risk (0.00) can use edge processing - Decision suboptimal
2025-10-19 13:27:06.807947,dqn_agent,0,0,True,✅ Low sepsis risk (0.00) can use edge processing - Decision appropriate
2025-10-19 13:27:06.874172,dqn_agent,0,0,True,✅ Low sepsis risk (0.20) can use edge processing - Decision appropriate
2025-10-19 13:27:06.940397,dqn_agent,0,0,True,✅ Low sepsis risk (0.00) can use edge processing - Decision appropriate
2025-10-19 13:27:07.006623,dqn_agent,0,0,True,✅ Low sepsis risk (0.00) can use edge processing - Decision appropriate
2025-10-19 13:27:07.072848,dqn_agent,0,0,True,✅ Low sepsis risk (0.10) can use edge processing - Decision appropriate
2025-10-19 13:27:07.139073,dqn_agent,0,0,True,✅ Low sepsis risk (0.00) can use edge processing - Decision appropriate
2025-10-19 13:27:07.205298,dqn_agent,0,0,True,✅ Low sepsis risk (0.00) can use edge processing - Decision appropriate
2025-10-19 13:27:07.271523,dqn_agent,1,0,False,❌ Low sepsis risk (0.00) can use edge processing - Decision suboptimal
2025-10-19 13:27:07.337748,dqn_agent,0,0,True,✅ Low sepsis risk (0.00) can use edge processing - Decision appropriate
2025-10-19 13:27:07.403974,dqn_agent,1,0,False,❌ Low sepsis risk (0.00) can use edge processing - Decision suboptimal
2025-10-19 13:27:07.470199,dqn_agent,1,1,True,✅ Moderate sepsis risk (0.30) benefits from cloud accuracy - Decision appropriate
2025-10-19 13:27:07.536424,dqn_agent,1,0,False,❌ Low sepsis risk (0.00) can use edge processing - Decision suboptimal
2025-10-19 13:27:07.602649,dqn_agent,0,0,True,✅ Low sepsis risk (0.00) can use edge processing - Decision appropriate
2025-10-19 13:27:07.668874,dqn_agent,1,0,False,❌ Low sepsis risk (0.16) can use edge processing - Decision suboptimal
2025-10-19 13:27:07.735099,dqn_agent,0,0,True,✅ Low sepsis risk (0.00) can use edge processing - Decision appropriate
2025-10-19 13:27:07.801325,dqn_agent,1,0,False,❌ Low sepsis risk (0.00) can use edge processing - Decision suboptimal
2025-10-19 13:27:07.867550,dqn_agent,0,0,True,✅ Low sepsis risk (0.04) can use edge processing - Decision appropriate
2025-10-19 13:27:07.933775,dqn_agent,1,0,False,❌ Low sepsis risk (0.00) can use edge processing - Decision suboptimal
2025-10-19 13:27:08.000000,dqn_agent,1,0,False,❌ Low sepsis risk (0.00) can use edge processing - Decision suboptimal
2025-10-19 13:27:08.066225,dqn_agent,1,0,False,❌ Low sepsis risk (0.00) can use edge processing - Decision suboptimal
2025-10-19 13:27:08.132450,dqn_agent,1,0,False,❌ Low sepsis risk (0.24) can use edge processing - Decision suboptimal
2025-10-19 13:27:08.198675,dqn_agent,0,0,True,✅ Low sepsis risk (0.00) can use edge processing - Decision appropriate
2025-10-19 13:27:08.264901,dqn_agent,0,0,True,✅ Low sepsis risk (0.00) can use edge processing - Decision appropriate
2025-10-19 13:27:08.331126,dqn_agent,0,0,True,✅ Low sepsis risk (0.00) can use edge processing - Decision appropriate
2025-10-19 13:27:08.397351,dqn_agent,1,0,False,❌ Low sepsis risk (0.00) can use edge processing - Decision suboptimal
2025-10-19 13:27:08.463576,dqn_agent,1,0,False,❌ Low sepsis risk (0.14) can use edge processing - Decision suboptimal
2025-10-19 13:27:08.529801,dqn_agent,0,0,True,✅ Low sepsis risk (0.00) can use edge processing - Decision appropriate
2025-10-19 13:27:08.596026,dqn_agent,1,0,False,❌ Low sepsis risk (0.00) can use edge processing - Decision suboptimal
2025-10-19 13:27:08.662252,dqn_agent,1,0,False,❌ Low sepsis risk (0.00) can use edge processing - Decision suboptimal
2025-10-19 13:27:08.728477,dqn_agent,1,0,False,❌ Low sepsis risk (0.00) can use edge processing - Decision suboptimal
2025-10-19 13:27:08.794702,dqn_agent,1,0,False,❌ Low sepsis risk (0.00) can use edge processing - Decision suboptimal
2025-10-19 13:27:08.860927,dqn_agent,1,0,False,❌ Low sepsis risk (0.20) can use edge processing - Decision suboptimal
2025-10-19 13:27:08.927152,dqn_agent,0,0,True,✅ Low sepsis risk (0.00) can use edge processing - Decision appropriate
2025-10-19 13:27:08.993377,dqn_agent,1,0,False,❌ Low sepsis risk (0.00) can use edge processing - Decision suboptimal
2025-10-19 13:27:09.059603,dqn_agent,0,0,True,✅ Low sepsis risk (0.10) can use edge processing - Decision appropriate
2025-10-19 13:27:09.125828,dqn_agent,0,0,True,✅ Low sepsis risk (0.00) can use edge processing - Decision appropriate
2025-10-19 13:27:09.192053,dqn_agent,0,0,True,✅ Low sepsis risk (0.00) can use edge processing - Decision appropriate
2025-10-19 13:27:09.258278,dqn_agent,0,0,True,✅ Low sepsis risk (0.00) can use edge processing - Decision appropriate
2025-10-19 13:27:09.324503,dqn_agent,0,0,True,✅ Low sepsis risk (0.00) can use edge processing - Decision appropriate
2025-10-19 13:27:09.390728,dqn_agent,1,0,False,❌ Low sepsis risk (0.00) can use edge processing - Decision suboptimal
2025-10-19 13:27:09.456954,dqn_agent,0,1,False,❌ Moderate sepsis risk (0.30) benefits from cloud accuracy - Decision suboptimal
2025-10-19 13:27:09.523179,dqn_agent,1,0,False,❌ Low sepsis risk (0.00) can use edge processing - Decision suboptimal
2025-10-19 13:27:09.589404,dqn_agent,1,0,False,❌ Low sepsis risk (0.00) can use edge processing - Decision suboptimal
2025-10-19 13:27:09.655629,dqn_agent,0,0,True,✅ Low sepsis risk (0.16) can use edge processing - Decision appropriate
2025-10-19 13:27:09.721854,dqn_agent,0,0,True,✅ Low sepsis risk (0.00) can use edge processing - Decision appropriate
2025-10-19 13:27:09.788079,dqn_agent,0,0,True,✅ Low sepsis risk (0.00) can use edge processing - Decision appropriate
2025-10-19 13:27:09.854305,dqn_agent,0,0,True,✅ Low sepsis risk (0.04) can use edge processing - Decision appropriate
2025-10-19 13:27:09.920530,dqn_agent,0,0,True,✅ Low sepsis risk (0.00) can use edge processing - Decision appropriate
2025-10-19 13:27:09.986755,dqn_agent,0,0,True,✅ Low sepsis risk (0.00) can use edge processing - Decision appropriate
2025-10-19 13:27:10.052980,dqn_agent,1,0,False,❌ Low sepsis risk (0.00) can use edge processing - Decision suboptimal
2025-10-19 13:27:10.119205,dqn_agent,0,0,True,✅ Low sepsis risk (0.24) can use edge processing - Decision appropriate
2025-10-19 13:27:10.185430,dqn_agent,0,0,True,✅ Low sepsis risk (0.00) can use edge processing - Decision appropriate
2025-10-19 13:27:10.251656,dqn_agent,0,0,True,✅ Low sepsis risk (0.00) can use edge processing - Decision appropriate
2025-10-19 13:27:10.317881,dqn_agent,1,0,False,❌ Low sepsis risk (0.00) can use edge processing - Decision suboptimal
2025-10-19 13:27:10.384106,dqn_agent,0,0,True,✅ Low sepsis risk (0.00) can use edge processing - Decision appropriate
2025-10-19 13:27:10.450331,dqn_agent,0,0,True,✅ Low sepsis risk (0.14) can use edge processing - Decision appropriate
2025-10-19 13:27:10.516556,dqn_agent,1,0,False,❌ Low sepsis risk (0.00) can use edge processing - Decision suboptimal
2025-10-19 13:27:10.582781,dqn_agent,1,0,False,❌ Low sepsis risk (0.00) can use edge processing - Decision suboptimal
2025-10-19 13:27:10.649007,dqn_agent,0,0,True,✅ Low sepsis risk (0.00) can use edge processing - Decision appropriate
2025-10-19 13:27:10.715232,dqn_agent,1,0,False,❌ Low sepsis risk (0.00) can use edge processing - Decision suboptimal
2025-10-19 13:27:10.781457,dqn_agent,1,0,False,❌ Low sepsis risk (0.00) can use edge processing - Decision suboptimal
2025-10-19 13:27:10.847682,dqn_agent,0,0,True,✅ Low sepsis risk (0.20) can use edge processing - Decision appropriate
2025-10-19 13:27:10.913907,dqn_agent,1,0,False,❌ Low sepsis risk (0.00) can use edge processing - Decision suboptimal
2025-10-19 13:27:10.980132,dqn_agent,0,0,True,✅ Low sepsis risk (0.00) can use edge processing - Decision appropriate
2025-10-19 13:27:11.046358,dqn_agent,0,0,True,✅ Low sepsis risk (0.10) can use edge processing - Decision appropriate
2025-10-19 13:27:11.112583,dqn_agent,0,0,True,✅ Low sepsis risk (0.00) can use edge processing - Decision appropriate
2025-10-19 13:27:11.178808,dqn_agent,0,0,True,✅ Low sepsis risk (0.00) can use edge processing - Decision appropriate
2025-10-19 13:27:11.245033,dqn_agent,0,0,True,✅ Low sepsis risk (0.00) can use edge processing - Decision appropriate
2025-10-19 13:27:11.311258,dqn_agent,1,0,False,❌ Low sepsis risk (0.00) can use edge processing - Decision suboptimal
2025-10-19 13:27:11.377483,dqn_agent,0,0,True,✅ Low sepsis risk (0.00) can use edge processing - Decision appropriate
2025-10-19 13:27:11.443709,dqn_agent,1,1,True,✅ Moderate sepsis risk (0.30) benefits from cloud accuracy - Decision appropriate
2025-10-19 13:27:11.509934,dqn_agent,0,0,True,✅ Low sepsis risk (0.00) can use edge processing - Decision appropriate
2025-10-19 13:27:11.576159,dqn_agent,1,0,False,❌ Low sepsis risk (0.00) can use edge processing - Decision suboptimal
2025-10-19 13:27:11.642384,dqn_agent,0,0,True,✅ Low sepsis risk (0.16) can use edge processing - Decision appropriate
2025-10-19 13:27:11.708609,dqn_agent,0,0,True,✅ Low sepsis risk (0.00) can use edge processing - Decision appropriate
2025-10-19 13:27:11.774834,dqn_agent,1,0,False,❌ Low sepsis risk (0.00) can use edge processing - Decision suboptimal
2025-10-19 13:27:11.841060,dqn_agent,1,0,False,❌ Low sepsis risk (0.04) can use edge processing - Decision suboptimal
2025-10-19 13:27:11.907285,dqn_agent,1,0,False,❌ Low sepsis risk (0.00) can use edge processing - Decision suboptimal
2025-10-19 13:27:11.973510,dqn_agent,0,0,True,✅ Low sepsis risk (0.00) can use edge processing - Decision appropriate
2025-10-19 13:27:12.039735,dqn_agent,1,0,False,❌ Low sepsis risk (0.00) can use edge processing - Decision suboptimal
2025-10-19 13:27:12.105960,dqn_agent,1,0,False,❌ Low sepsis risk (0.24) can use edge processing - Decision suboptimal
2025-10-19 13:27:12.172185,dqn_agent,0,0,True,✅ Low sepsis risk (0.00) can use edge processing - Decision appropriate
2025-10-19 13:27:12.238411,dqn_agent,0,0,True,✅ Low sepsis risk (0.00) can use edge processing - Decision appropriate
2025-10-19 13:27:12.304636,dqn_agent,1,0,False,❌ Low sepsis risk (0.00) can use edge processing - Decision suboptimal
2025-10-19 13:27:12.370861,dqn_agent,0,0,True,✅ Low sepsis risk (0.00) can use edge processing - Decision appropriate
2025-10-19 13:27:12.437086,dqn_agent,1,0,False,❌ Low sepsis risk (0.14) can use edge processing - Decision suboptimal
2025-10-19 13:27:12.503311,dqn_agent,0,0,True,✅ Low sepsis risk (0.00) can use edge processing - Decision appropriate
2025-10-19 13:27:12.569536,dqn_agent,1,0,False,❌ Low sepsis risk (0.00) can use edge processing - Decision suboptimal
2025-10-19 13:27:12.635762,dqn_agent,0,0,True,✅ Low sepsis risk (0.00) can use edge processing - Decision appropriate
2025-10-19 13:27:12.701987,dqn_agent,1,0,False,❌ Low sepsis risk (0.00) can use edge processing - Decision suboptimal
2025-10-19 13:27:12.768212,dqn_agent,0,0,True,✅ Low sepsis risk (0.00) can use edge processing - Decision appropriate
2025-10-19 13:27:12.834437,dqn_agent,0,0,True,✅ Low sepsis risk (0.20) can use edge processing - Decision appropriate
2025-10-19 13:27:12.900662,dqn_agent,1,0,False,❌ Low sepsis risk (0.00) can use edge processing - Decision suboptimal
2025-10-19 13:27:12.966887,dqn_agent,0,0,True,✅ Low sepsis risk (0.00) can use edge processing - Decision appropriate
2025-10-19 13:27:13.033113,dqn_agent,1,0,False,❌ Low sepsis risk (0.10) can use edge processing - Decision suboptimal
2025-10-19 13:27:13.099338,dqn_agent,1,0,False,❌ Low sepsis risk (0.00) can use edge processing - Decision suboptimal
2025-10-19 13:27:13.165563,dqn_agent,1,0,False,❌ Low sepsis risk (0.00) can use edge processing - Decision suboptimal
2025-10-19 13:27:13.231788,dqn_agent,1,0,False,❌ Low sepsis risk (0.00) can use edge processing - Decision suboptimal
2025-10-19 13:27:13.298013,dqn_agent,1,0,False,❌ Low sepsis risk (0.00) can use edge processing - Decision suboptimal
2025-10-19 13:27:13.364238,dqn_agent,0,0,True,✅ Low sepsis risk (0.00) can use edge processing - Decision appropriate
2025-10-19 13:27:13.430464,dqn_agent,0,1,False,❌ Moderate sepsis risk (0.30) benefits from cloud accuracy - Decision suboptimal
2025-10-19 13:27:13.496689,dqn_agent,0,0,True,✅ Low sepsis risk (0.00) can use edge processing - Decision appropriate
2025-10-19 13:27:13.562914,dqn_agent,1,0,False,❌ Low sepsis risk (0.00) can use edge processing - Decision suboptimal
2025-10-19 13:27:13.629139,dqn_agent,1,0,False,❌ Low sepsis risk (0.16) can use edge processing - Decision suboptimal
2025-10-19 13:27:13.695364,dqn_agent,0,0,True,✅ Low sepsis risk (0.00) can use edge processing - Decision appropriate
2025-10-19 13:27:13.761589,dqn_agent,0,0,True,✅ Low sepsis risk (0.00) can use edge processing - Decision appropriate
2025-10-19 13:27:13.827815,dqn_agent,1,0,False,❌ Low sepsis risk (0.04) can use edge processing - Decision suboptimal
2025-10-19 13:27:13.894040,dqn_agent,1,0,False,❌ Low sepsis risk (0.00) can use edge processing - Decision suboptimal
2025-10-19 13:27:13.960265,dqn_agent,0,0,True,✅ Low sepsis risk (0.00) can use edge processing - Decision appropriate
2025-10-19 13:27:14.026490,dqn_agent,0,0,True,✅ Low sepsis risk (0.00) can use edge processing - Decision appropriate
2025-10-19 13:27:14.092715,dqn_agent,0,0,True,✅ Low sepsis risk (0.24) can use edge processing - Decision appropriate
2025-10-19 13:27:14.158940,dqn_agent,1,0,False,❌ Low sepsis risk (0.00) can use edge processing - Decision suboptimal
2025-10-19 13:27:14.225166,dqn_agent,0,0,True,✅ Low sepsis risk (0.00) can use edge processing - Decision appropriate
2025-10-19 13:27:14.291391,dqn_agent,1,0,False,❌ Low sepsis risk (0.00) can use edge processing - Decision suboptimal
2025-10-19 13:27:14.357616,dqn_agent,1,0,False,❌ Low sepsis risk (0.00) can use edge processing - Decision suboptimal
2025-10-19 13:27:14.423841,dqn_agent,0,0,True,✅ Low sepsis risk (0.14) can use edge processing - Decision appropriate
2025-10-19 13:27:14.490066,dqn_agent,1,0,False,❌ Low sepsis risk (0.00) can use edge processing - Decision suboptimal
2025-10-19 13:27:14.556291,dqn_agent,1,0,False,❌ Low sepsis risk (0.00) can use edge processing - Decision suboptimal
2025-10-19 13:27:14.622517,dqn_agent,1,0,False,❌ Low sepsis risk (0.00) can use edge processing - Decision suboptimal
2025-10-19 13:27:14.688742,dqn_agent,0,0,True,✅ Low sepsis risk (0.00) can use edge processing - Decision appropriate
2025-10-19 13:27:14.754967,dqn_agent,1,0,False,❌ Low sepsis risk (0.00) can use edge processing - Decision suboptimal
2025-10-19 13:27:14.821192,dqn_agent,0,0,True,✅ Low sepsis risk (0.20) can use edge processing - Decision appropriate
2025-10-19 13:27:14.887417,dqn_agent,0,0,True,✅ Low sepsis risk (0.00) can use edge processing - Decision appropriate
2025-10-19 13:27:14.953642,dqn_agent,1,0,False,❌ Low sepsis risk (0.00) can use edge processing - Decision suboptimal
2025-10-19 13:27:15.019868,dqn_agent,0,0,True,✅ Low sepsis risk (0.10) can use edge processing - Decision appropriate
2025-10-19 13:27:15.086093,dqn_agent,1,0,False,❌ Low sepsis risk (0.00) can use edge processing - Decision suboptimal
2025-10-19 13:27:15.152318,dqn_agent,0,0,True,✅ Low sepsis risk (0.00) can use edge processing - Decision appropriate
2025-10-19 13:27:15.218543,dqn_agent,0,0,True,✅ Low sepsis risk (0.00) can use edge processing - Decision appropriate
2025-10-19 13:27:15.284768,dqn_agent,1,0,False,❌ Low sepsis risk (0.00) can use edge processing - Decision suboptimal
2025-10-19 13:27:15.350993,dqn_agent,1,0,False,❌ Low sepsis risk (0.00) can use edge processing - Decision suboptimal
2025-10-19 13:27:15.417219,dqn_agent,0,1,False,❌ Moderate sepsis risk (0.30) benefits from cloud accuracy - Decision suboptimal
2025-10-19 13:27:15.483444,dqn_agent,0,0,True,✅ Low sepsis risk (0.00) can use edge processing - Decision appropriate
2025-10-19 13:27:15.549669,dqn_agent,0,0,True,✅ Low sepsis risk (0.00) can use edge processing - Decision appropriate
2025-10-19 13:27:15.615894,dqn_agent,0,0,True,✅ Low sepsis risk (0.16) can use edge processing - Decision appropriate
2025-10-19 13:27:15.682119,dqn_agent,1,0,False,❌ Low sepsis risk (0.00) can use edge processing - Decision suboptimal
2025-10-19 13:27:15.748344,dqn_agent,0,0,True,✅ Low sepsis risk (0.00) can use edge processing - Decision appropriate
2025-10-19 13:27:15.814570,dqn_agent,0,0,True,✅ Low sepsis risk (0.04) can use edge processing - Decision appropriate
2025-10-19 13:27:15.880795,dqn_agent,1,0,False,❌ Low sepsis risk (0.00) can use edge processing - Decision suboptimal
2025-10-19 13:27:15.947020,dqn_agent,0,0,True,✅ Low sepsis risk (0.00) can use edge processing - Decision appropriate
2025-10-19 13:27:16.013245,dqn_agent,1,0,False,❌ Low sepsis risk (0.00) can use edge processing - Decision suboptimal
2025-10-19 13:27:16.079470,dqn_agent,1,0,False,❌ Low sepsis risk (0.24) can use edge processing - Decision suboptimal
2025-10-19 13:27:16.145695,dqn_agent,1,0,False,❌ Low sepsis risk (0.00) can use edge processing - Decision suboptimal
2025-10-19 13:27:16.211921,dqn_agent,0,0,True,✅ Low sepsis risk (0.00) can use edge processing - Decision appropriate
2025-10-19 13:27:16.278146,dqn_agent,1,0,False,❌ Low sepsis risk (0.00) can use edge processing - Decision suboptimal
2025-10-19 13:27:16.344371,dqn_agent,1,0,False,❌ Low sepsis risk (0.00) can use edge processing - Decision suboptimal
2025-10-19 13:27:16.410596,dqn_agent,1,0,False,❌ Low sepsis risk (0.14) can use edge processing - Decision suboptimal
2025-10-19 13:27:16.476821,dqn_agent,1,0,False,❌ Low sepsis risk (0.00) can use edge processing - Decision suboptimal
2025-10-19 13:27:16.543046,dqn_agent,1,0,False,❌ Low sepsis risk (0.00) can use edge processing - Decision suboptimal
2025-10-19 13:27:16.609272,dqn_agent,1,0,False,❌ Low sepsis risk (0.00) can use edge processing - Decision suboptimal
2025-10-19 13:27:16.675497,dqn_agent,0,0,True,✅ Low sepsis risk (0.00) can use edge processing - Decision appropriate
2025-10-19 13:27:16.741722,dqn_agent,0,0,True,✅ Low sepsis risk (0.00) can use edge processing - Decision appropriate
2025-10-19 13:27:16.807947,dqn_agent,0,0,True,✅ Low sepsis risk (0.20) can use edge processing - Decision appropriate
2025-10-19 13:27:16.874172,dqn_agent,1,0,False,❌ Low sepsis risk (0.00) can use edge processing - Decision suboptimal
2025-10-19 13:27:16.940397,dqn_agent,1,0,False,❌ Low sepsis risk (0.00) can use edge processing - Decision suboptimal
2025-10-19 13:27:17.006623,dqn_agent,0,0,True,✅ Low sepsis risk (0.10) can use edge processing - Decision appropriate
2025-10-19 13:27:17.072848,dqn_agent,0,0,True,✅ Low sepsis risk (0.00) can use edge processing - Decision appropriate
2025-10-19 13:27:17.139073,dqn_agent,1,0,False,❌ Low sepsis risk (0.00) can use edge processing - Decision suboptimal
2025-10-19 13:27:17.205298,dqn_agent,0,0,True,✅ Low sepsis risk (0.00) can use edge processing - Decision appropriate
2025-10-19 13:27:17.271523,dqn_agent,1,0,False,❌ Low sepsis risk (0.00) can use edge processing - Decision suboptimal
2025-10-19 13:27:17.337748,dqn_agent,0,0,True,✅ Low sepsis risk (0.00) can use edge processing - Decision appropriate
2025-10-19 13:27:17.403974,dqn_agent,1,1,True,✅ Moderate sepsis risk (0.30) benefits from cloud accuracy - Decision appropriate
2025-10-19 13:27:17.470199,dqn_agent,1,0,False,❌ Low sepsis risk (0.00) can use edge processing - Decision suboptimal
2025-10-19 13:27:17.536424,dqn_agent,1,0,False,❌ Low sepsis risk (0.00) can use edge processing - Decision suboptimal
2025-10-19 13:27:17.602649,dqn_agent,0,0,True,✅ Low sepsis risk (0.16) can use edge processing - Decision appropriate
2025-10-19 13:27:17.668874,dqn_agent,1,0,False,❌ Low sepsis risk (0.00) can use edge processing - Decision suboptimal
2025-10-19 13:27:17.735099,dqn_agent,0,0,True,✅ Low sepsis risk (0.00) can use edge processing - Decision appropriate
2025-10-19 13:27:17.801325,dqn_agent,1,0,False,❌ Low sepsis risk (0.04) can use edge processing - Decision suboptimal
2025-10-19 13:27:17.867550,dqn_agent,0,0,True,✅ Low sepsis risk (0.00) can use edge processing - Decision appropriate
2025-10-19 13:27:17.933775,dqn_agent,0,0,True,✅ Low sepsis risk (0.00) can use edge processing - Decision appropriate
2025-10-19 13:27:18.000000,dqn_agent,1,0,False,❌ Low sepsis risk (0.00) can use edge processing - Decision suboptimal
2025-10-19 13:27:18.066225,dqn_agent,0,0,True,✅ Low sepsis risk (0.24) can use edge processing - Decision appropriate
2025-10-19 13:27:18.132450,dqn_agent,1,0,False,❌ Low sepsis risk (0.00) can use edge processing - Decision suboptimal
2025-10-19 13:27:18.198675,dqn_agent,0,0,True,✅ Low sepsis risk (0.00) can use edge processing - Decision appropriate
2025-10-19 13:27:18.264901,dqn_agent,1,0,False,❌ Low sepsis risk (0.00) can use edge processing - Decision suboptimal
2025-10-19 13:27:18.331126,dqn_agent,0,0,True,✅ Low sepsis risk (0.00) can use edge processing - Decision appropriate
2025-10-19 13:27:18.397351,dqn_agent,0,0,True,✅ Low sepsis risk (0.14) can use edge processing - Decision appropriate
2025-10-19 13:27:18.463576,dqn_agent,0,0,True,✅ Low sepsis risk (0.00) can use edge processing - Decision appropriate
2025-10-19 13:27:18.529801,dqn_agent,1,0,False,❌ Low sepsis risk (0.00) can use edge processing - Decision suboptimal
2025-10-19 13:27:18.596026,dqn_agent,0,0,True,✅ Low sepsis risk (0.00) can use edge processing - Decision appropriate
2025-10-19 13:27:18.662252,dqn_agent,0,0,True,✅ Low sepsis risk (0.00) can use edge processing - Decision appropriate
2025-10-19 13:27:18.728477,dqn_agent,0,0,True,✅ Low sepsis risk (0.00) can use edge processing - Decision appropriate
2025-10-19 13:27:18.794702,dqn_agent,1,0,False,❌ Low sepsis risk (0.20) can use edge processing - Decision suboptimal
2025-10-19 13:27:18.860927,dqn_agent,0,0,True,✅ Low sepsis risk (0.00) can use edge processing - Decision appropriate
2025-10-19 13:27:18.927152,dqn_agent,0,0,True,✅ Low sepsis risk (0.00) can use edge processing - Decision appropriate
2025-10-19 13:27:18.993377,dqn_agent,0,0,True,✅ Low sepsis risk (0.10) can use edge processing - Decision appropriate
2025-10-19 13:27:19.059603,dqn_agent,0,0,True,✅ Low sepsis risk (0.00) can use edge processing - Decision appropriate
2025-10-19 13:27:19.125828,dqn_agent,0,0,True,✅ Low sepsis risk (0.00) can use edge processing - Decision appropriate
2025-10-19 13:27:19.192053,dqn_agent,0,0,True,✅ Low sepsis risk (0.00) can use edge processing - Decision appropriate
2025-10-19 13:27:19.258278,dqn_agent,0,0,True,✅ Low sepsis risk (0.00) can use edge processing - Decision appropriate
2025-10-19 13:27:19.324503,dqn_agent,0,0,True,✅ Low sepsis risk (0.00) can use edge processing - Decision appropriate
2025-10-19 13:27:19.390728,dqn_agent,0,1,False,❌ Moderate sepsis risk (0.30) benefits from cloud accuracy - Decision suboptimal
2025-10-19 13:27:19.456954,dqn_agent,1,0,False,❌ Low sepsis risk (0.00) can use edge processing - Decision suboptimal
2025-10-19 13:27:19.523179,dqn_agent,1,0,False,❌ Low sepsis risk (0.00) can use edge processing - Decision suboptimal
2025-10-19 13:27:19.589404,dqn_agent,0,0,True,✅ Low sepsis risk (0.16) can use edge processing - Decision appropriate
2025-10-19 13:27:19.655629,dqn_agent,1,0,False,❌ Low sepsis risk (0.00) can use edge processing - Decision suboptimal
2025-10-19 13:27:19.721854,dqn_agent,1,0,False,❌ Low sepsis risk (0.00) can use edge processing - Decision suboptimal
2025-10-19 13:27:19.788079,dqn_agent,1,0,False,❌ Low sepsis risk (0.04) can use edge processing - Decision suboptimal
2025-10-19 13:27:19.854305,dqn_agent,1,0,False,❌ Low sepsis risk (0.00) can use edge processing - Decision suboptimal
2025-10-19 13:27:19.920530,dqn_agent,1,0,False,❌ Low sepsis risk (0.00) can use edge processing - Decision suboptimal
2025-10-19 13:27:19.986755,dqn_agent,0,0,True,✅ Low sepsis risk (0.00) can use edge processing - Decision appropriate
2025-10-19 13:27:20.052980,dqn_agent,0,0,True,✅ Low sepsis risk (0.24) can use edge processing - Decision appropriate
2025-10-19 13:27:20.119205,dqn_agent,1,0,False,❌ Low sepsis risk (0.00) can use edge processing - Decision suboptimal
2025-10-19 13:27:20.185430,dqn_agent,1,0,False,❌ Low sepsis risk (0.00) can use edge processing - Decision suboptimal
2025-10-19 13:27:20.251656,dqn_agent,0,0,True,✅ Low sepsis risk (0.00) can use edge processing - Decision appropriate
2025-10-19 13:27:20.317881,dqn_agent,0,0,True,✅ Low sepsis risk (0.00) can use edge processing - Decision appropriate
2025-10-19 13:27:20.384106,dqn_agent,0,0,True,✅ Low sepsis risk (0.14) can use edge processing - Decision appropriate
2025-10-19 13:27:20.450331,dqn_agent,0,0,True,✅ Low sepsis risk (0.00) can use edge processing - Decision appropriate
2025-10-19 13:27:20.516556,dqn_agent,0,0,True,✅ Low sepsis risk (0.00) can use edge processing - Decision appropriate
2025-10-19 13:27:20.582781,dqn_agent,0,0,True,✅ Low sepsis risk (0.00) can use edge processing - Decision appropriate
2025-10-19 13:27:20.649007,dqn_agent,1,0,False,❌ Low sepsis risk (0.00) can use edge processing - Decision suboptimal
2025-10-19 13:27:20.715232,dqn_agent,1,0,False,❌ Low sepsis risk (0.00) can use edge processing - Decision suboptimal
2025-10-19 13:27:20.781457,dqn_agent,0,0,True,✅ Low sepsis risk (0.20) can use edge processing - Decision appropriate
2025-10-19 13:27:20.847682,dqn_agent,0,0,True,✅ Low sepsis risk (0.00) can use edge processing - Decision appropriate
2025-10-19 13:27:20.913907,dqn_agent,0,0,True,✅ Low sepsis risk (0.00) can use edge processing - Decision appropriate
2025-10-19 13:27:20.980132,dqn_agent,1,0,False,❌ Low sepsis risk (0.10) can use edge processing - Decision suboptimal
2025-10-19 13:27:21.046358,dqn_agent,0,0,True,✅ Low sepsis risk (0.00) can use edge processing - Decision appropriate
2025-10-19 13:27:21.112583,dqn_agent,1,0,False,❌ Low sepsis risk (0.00) can use edge processing - Decision suboptimal
2025-10-19 13:27:21.178808,dqn_agent,1,0,False,❌ Low sepsis risk (0.00) can use edge processing - Decision suboptimal
2025-10-19 13:27:21.245033,dqn_agent,1,0,False,❌ Low sepsis risk (0.00) can use edge processing - Decision suboptimal
2025-10-19 13:27:21.311258,dqn_agent,1,0,False,❌ Low sepsis risk (0.00) can use edge processing - Decision suboptimal
2025-10-19 13:27:21.377483,dqn_agent,1,1,True,✅ Moderate sepsis risk (0.30) benefits from cloud accuracy - Decision appropriate
2025-10-19 13:27:21.443709,dqn_agent,0,0,True,✅ Low sepsis risk (0.00) can use edge processing - Decision appropriate
2025-10-19 13:27:21.509934,dqn_agent,0,0,True,✅ Low sepsis risk (0.00) can use edge processing - Decision appropriate
2025-10-19 13:27:21.576159,dqn_agent,0,0,True,✅ Low sepsis risk (0.16) can use edge processing - Decision appropriate
2025-10-19 13:27:21.642384,dqn_agent,0,0,True,✅ Low sepsis risk (0.00) can use edge processing - Decision appropriate
2025-10-19 13:27:21.708609,dqn_agent,1,0,False,❌ Low sepsis risk (0.00) can use edge processing - Decision suboptimal
2025-10-19 13:27:21.774834,dqn_agent,0,0,True,✅ Low sepsis risk (0.04) can use edge processing - Decision appropriate
2025-10-19 13:27:21.841060,dqn_agent,0,0,True,✅ Low sepsis risk (0.00) can use edge processing - Decision appropriate
2025-10-19 13:27:21.907285,dqn_agent,0,0,True,✅ Low sepsis risk (0.00) can use edge processing - Decision appropriate
2025-10-19 13:27:21.973510,dqn_agent,1,0,False,❌ Low sepsis risk (0.00) can use edge processing - Decision suboptimal
2025-10-19 13:27:22.039735,dqn_agent,0,0,True,✅ Low sepsis risk (0.24) can use edge processing - Decision appropriate
2025-10-19 13:27:22.105960,dqn_agent,0,0,True,✅ Low sepsis risk (0.00) can use edge processing - Decision appropriate
2025-10-19 13:27:22.172185,dqn_agent,0,0,True,✅ Low sepsis risk (0.00) can use edge processing - Decision appropriate
2025-10-19 13:27:22.238411,dqn_agent,1,0,False,❌ Low sepsis risk (0.00) can use edge processing - Decision suboptimal
2025-10-19 13:27:22.304636,dqn_agent,0,0,True,✅ Low sepsis risk (0.00) can use edge processing - Decision appropriate
2025-10-19 13:27:22.370861,dqn_agent,1,0,False,❌ Low sepsis risk (0.14) can use edge processing - Decision suboptimal
2025-10-19 13:27:22.437086,dqn_agent,1,0,False,❌ Low sepsis risk (0.00) can use edge processing - Decision suboptimal
2025-10-19 13:27:22.503311,dqn_agent,1,0,False,❌ Low sepsis risk (0.00) can use edge processing - Decision suboptimal
2025-10-19 13:27:22.569536,dqn_agent,1,0,False,❌ Low sepsis risk (0.00) can use edge processing - Decision suboptimal
2025-10-19 13:27:22.635762,dqn_agent,0,0,True,✅ Low sepsis risk (0.00) can use edge processing - Decision appropriate
2025-10-19 13:27:22.701987,dqn_agent,1,0,False,❌ Low sepsis risk (0.00) can use edge processing - Decision suboptimal
2025-10-19 13:27:22.768212,dqn_agent,0,0,True,✅ Low sepsis risk (0.20) can use edge processing - Decision appropriate
2025-10-19 13:27:22.834437,dqn_agent,1,0,False,❌ Low sepsis risk (0.00) can use edge processing - Decision suboptimal
2025-10-19 13:27:22.900662,dqn_agent,0,0,True,✅ Low sepsis risk (0.00) can use edge processing - Decision appropriate
2025-10-19 13:27:22.966887,dqn_agent,0,0,True,✅ Low sepsis risk (0.10) can use edge processing - Decision appropriate
2025-10-19 13:27:23.033113,dqn_agent,1,0,False,❌ Low sepsis risk (0.00) can use edge processing - Decision suboptimal
2025-10-19 13:27:23.099338,dqn_agent,0,0,True,✅ Low sepsis risk (0.00) can use edge processing - Decision appropriate
2025-10-19 13:27:23.165563,dqn_agent,1,0,False,❌ Low sepsis risk (0.00) can use edge processing - Decision suboptimal
2025-10-19 13:27:23.231788,dqn_agent,0,0,True,✅ Low sepsis risk (0.00) can use edge processing - Decision appropriate
2025-10-19 13:27:23.298013,dqn_agent,0,0,True,✅ Low sepsis risk (0.00) can use edge processing - Decision appropriate
2025-10-19 13:27:23.364238,dqn_agent,0,1,False,❌ Moderate sepsis risk (0.30) benefits from cloud accuracy - Decision suboptimal
2025-10-19 13:27:23.430464,dqn_agent,1,0,False,❌ Low sepsis risk (0.00) can use edge processing - Decision suboptimal
2025-10-19 13:27:23.496689,dqn_agent,1,0,False,❌ Low sepsis risk (0.00) can use edge processing - Decision suboptimal
2025-10-19 13:27:23.562914,dqn_agent,0,0,True,✅ Low sepsis risk (0.16) can use edge processing - Decision appropriate
2025-10-19 13:27:23.629139,dqn_agent,0,0,True,✅ Low sepsis risk (0.00) can use edge processing - Decision appropriate
2025-10-19 13:27:23.695364,dqn_agent,1,0,False,❌ Low sepsis risk (0.00) can use edge processing - Decision suboptimal
2025-10-19 13:27:23.761589,dqn_agent,0,0,True,✅ Low sepsis risk (0.04) can use edge processing - Decision appropriate
2025-10-19 13:27:23.827815,dqn_agent,1,0,False,❌ Low sepsis risk (0.00) can use edge processing - Decision suboptimal
2025-10-19 13:27:23.894040,dqn_agent,0,0,True,✅ Low sepsis risk (0.00) can use edge processing - Decision appropriate
2025-10-19 13:27:23.960265,dqn_agent,1,0,False,❌ Low sepsis risk (0.00) can use edge processing - Decision suboptimal
2025-10-19 13:27:24.026490,dqn_agent,1,0,False,❌ Low sepsis risk (0.24) can use edge processing - Decision suboptimal
2025-10-19 13:27:24.092715,dqn_agent,0,0,True,✅ Low sepsis risk (0.00) can use edge processing - Decision appropriate
2025-10-19 13:27:24.158940,dqn_agent,1,0,False,❌ Low sepsis risk (0.00) can use edge processing - Decision suboptimal
2025-10-19 13:27:24.225166,dqn_agent,0,0,True,✅ Low sepsis risk (0.00) can use edge processing - Decision appropriate
2025-10-19 13:27:24.291391,dqn_agent,0,0,True,✅ Low sepsis risk (0.00) can use edge processing - Decision appropriate
2025-10-19 13:27:24.357616,dqn_agent,1,0,False,❌ Low sepsis risk (0.14) can use edge processing - Decision suboptimal
2025-10-19 13:27:24.423841,dqn_agent,0,0,True,✅ Low sepsis risk (0.00) can use edge processing - Decision appropriate
2025-10-19 13:27:24.490066,dqn_agent,0,0,True,✅ Low sepsis risk (0.00) can use edge processing - Decision appropriate
2025-10-19 13:27:24.556291,dqn_agent,0,0,True,✅ Low sepsis risk (0.00) can use edge processing - Decision appropriate
2025-10-19 13:27:24.622517,dqn_agent,1,0,False,❌ Low sepsis risk (0.00) can use edge processing - Decision suboptimal
2025-10-19 13:27:24.688742,dqn_agent,1,0,False,❌ Low sepsis risk (0.00) can use edge processing - Decision suboptimal
2025-10-19 13:27:24.754967,dqn_agent,0,0,True,✅ Low sepsis risk (0.20) can use edge processing - Decision appropriate
2025-10-19 13:27:24.821192,dqn_agent,1,0,False,❌ Low sepsis risk (0.00) can use edge processing - Decision suboptimal
2025-10-19 13:27:24.887417,dqn_agent,1,0,False,❌ Low sepsis risk (0.00) can use edge processing - Decision suboptimal
2025-10-19 13:27:24.953642,dqn_agent,1,0,False,❌ Low sepsis risk (0.10) can use edge processing - Decision suboptimal
2025-10-19 13:27:25.019868,dqn_agent,0,0,True,✅ Low sepsis risk (0.00) can use edge processing - Decision appropriate
2025-10-19 13:27:25.086093,dqn_agent,1,0,False,❌ Low sepsis risk (0.00) can use edge processing - Decision suboptimal
2025-10-19 13:27:25.152318,dqn_agent,1,0,False,❌ Low sepsis risk (0.00) can use edge processing - Decision suboptimal
2025-10-19 13:27:25.218543,dqn_agent,1,0,False,❌ Low sepsis risk (0.00) can use edge processing - Decision suboptimal
2025-10-19 13:27:25.284768,dqn_agent,0,0,True,✅ Low sepsis risk (0.00) can use edge processing - Decision appropriate
2025-10-19 13:27:25.350993,dqn_agent,0,1,False,❌ Moderate sepsis risk (0.30) benefits from cloud accuracy - Decision suboptimal
2025-10-19 13:27:25.417219,dqn_agent,0,0,True,✅ Low sepsis risk (0.00) can use edge processing - Decision appropriate
2025-10-19 13:27:25.483444,dqn_agent,0,0,True,✅ Low sepsis risk (0.00) can use edge processing - Decision appropriate
2025-10-19 13:27:25.549669,dqn_agent,0,0,True,✅ Low sepsis risk (0.16) can use edge processing - Decision appropriate
2025-10-19 13:27:25.615894,dqn_agent,1,0,False,❌ Low sepsis risk (0.00) can use edge processing - Decision suboptimal
2025-10-19 13:27:25.682119,dqn_agent,0,0,True,✅ Low sepsis risk (0.00) can use edge processing - Decision appropriate
2025-10-19 13:27:25.748344,dqn_agent,1,0,False,❌ Low sepsis risk (0.04) can use edge processing - Decision suboptimal
2025-10-19 13:27:25.814570,dqn_agent,0,0,True,✅ Low sepsis risk (0.00) can use edge processing - Decision appropriate
2025-10-19 13:27:25.880795,dqn_agent,1,0,False,❌ Low sepsis risk (0.00) can use edge processing - Decision suboptimal
2025-10-19 13:27:25.947020,dqn_agent,0,0,True,✅ Low sepsis risk (0.00) can use edge processing - Decision appropriate
2025-10-19 13:27:26.013245,dqn_agent,0,0,True,✅ Low sepsis risk (0.24) can use edge processing - Decision appropriate
2025-10-19 13:27:26.079470,dqn_agent,0,0,True,✅ Low sepsis risk (0.00) can use edge processing - Decision appropriate
2025-10-19 13:27:26.145695,dqn_agent,0,0,True,✅ Low sepsis risk (0.00) can use edge processing - Decision appropriate
2025-10-19 13:27:26.211921,dqn_agent,0,0,True,✅ Low sepsis risk (0.00) can use edge processing - Decision appropriate
2025-10-19 13:27:26.278146,dqn_agent,1,0,False,❌ Low sepsis risk (0.00) can use edge processing - Decision suboptimal
2025-10-19 13:27:26.344371,dqn_agent,0,0,True,✅ Low sepsis risk (0.14) can use edge processing - Decision appropriate
2025-10-19 13:27:26.410596,dqn_agent,0,0,True,✅ Low sepsis risk (0.00) can use edge processing - Decision appropriate
2025-10-19 13:27:26.476821,dqn_agent,1,0,False,❌ Low sepsis risk (0.00) can use edge processing - Decision suboptimal
2025-10-19 13:27:26.543046,dqn_agent,1,0,False,❌ Low sepsis risk (0.00) can use edge processing - Decision suboptimal
2025-10-19 13:27:26.609272,dqn_agent,0,0,True,✅ Low sepsis risk (0.00) can use edge processing - Decision appropriate
2025-10-19 13:27:26.675497,dqn_agent,1,0,False,❌ Low sepsis risk (0.00) can use edge processing - Decision suboptimal
2025-10-19 13:27:26.741722,dqn_agent,1,0,False,❌ Low sepsis risk (0.20) can use edge processing - Decision suboptimal
2025-10-19 13:27:26.807947,dqn_agent,1,0,False,❌ Low sepsis risk (0.00) can use edge processing - Decision suboptimal
2025-10-19 13:27:26.874172,dqn_agent,0,0,True,✅ Low sepsis risk (0.00) can use edge processing - Decision appropriate
2025-10-19 13:27:26.940397,dqn_agent,0,0,True,✅ Low sepsis risk (0.10) can use edge processing - Decision appropriate
2025-10-19 13:27:27.006623,dqn_agent,1,0,False,❌ Low sepsis risk (0.00) can use edge processing - Decision suboptimal
2025-10-19 13:27:27.072848,dqn_agent,1,0,False,❌ Low sepsis risk (0.00) can use edge processing - Decision suboptimal
2025-10-19 13:27:27.139073,dqn_agent,1,0,False,❌ Low sepsis risk (0.00) can use edge processing - Decision suboptimal
2025-10-19 13:27:27.205298,dqn_agent,0,0,True,✅ Low sepsis risk (0.00) can use edge processing - Decision appropriate
2025-10-19 13:27:27.271523,dqn_agent,1,0,False,❌ Low sepsis risk (0.00) can use edge processing - Decision suboptimal
2025-10-19 13:27:27.337748,dqn_agent,0,1,False,❌ Moderate sepsis risk (0.30) benefits from cloud accuracy - Decision suboptimal
2025-10-19 13:27:27.403974,dqn_agent,0,0,True,✅ Low sepsis risk (0.00) can use edge processing - Decision appropriate
2025-10-19 13:27:27.470199,dqn_agent,1,0,False,❌ Low sepsis risk (0.00) can use edge processing - Decision suboptimal
2025-10-19 13:27:27.536424,dqn_agent,0,0,True,✅ Low sepsis risk (0.16) can use edge processing - Decision appropriate
2025-10-19 13:27:27.602649,dqn_agent,1,0,False,❌ Low sepsis risk (0.00) can use edge processing - Decision suboptimal
2025-10-19 13:27:27.668874,dqn_agent,0,0,True,✅ Low sepsis risk (0.00) can use edge processing - Decision appropriate
2025-10-19 13:27:27.735099,dqn_agent,1,0,False,❌ Low sepsis risk (0.04) can use edge processing - Decision suboptimal
2025-10-19 13:27:27.801325,dqn_agent,0,0,True,✅ Low sepsis risk (0.00) can use edge processing - Decision appropriate
2025-10-19 13:27:27.867550,dqn_agent,0,0,True,✅ Low sepsis risk (0.00) can use edge processing - Decision appropriate
2025-10-19 13:27:27.933775,dqn_agent,0,0,True,✅ Low sepsis risk (0.00) can use edge processing - Decision appropriate
2025-10-19 13:27:28.000000,dqn_agent,0,0,True,✅ Low sepsis risk (0.24) can use edge processing - Decision appropriate
2025-10-19 13:27:28.066225,dqn_agent,1,0,False,❌ Low sepsis risk (0.00) can use edge processing - Decision suboptimal
2025-10-19 13:27:28.132450,dqn_agent,0,0,True,✅ Low sepsis risk (0.00) can use edge processing - Decision appropriate
2025-10-19 13:27:28.198675,dqn_agent,1,0,False,❌ Low sepsis risk (0.00) can use edge processing - Decision suboptimal
2025-10-19 13:27:28.264901,dqn_agent,0,0,True,✅ Low sepsis risk (0.00) can use edge processing - Decision appropriate
2025-10-19 13:27:28.331126,dqn_agent,1,0,False,❌ Low sepsis risk (0.14) can use edge processing - Decision suboptimal
2025-10-19 13:27:28.397351,dqn_agent,0,0,True,✅ Low sepsis risk (0.00) can use edge processing - Decision appropriate
2025-10-19 13:27:28.463576,dqn_agent,0,0,True,✅ Low sepsis risk (0.00) can use edge processing - Decision appropriate
2025-10-19 13:27:28.529801,dqn_agent,0,0,True,✅ Low sepsis risk (0.00) can use edge processing - Decision appropriate
2025-10-19 13:27:28.596026,dqn_agent,1,0,False,❌ Low sepsis risk (0.00) can use edge processing - Decision suboptimal
2025-10-19 13:27:28.662252,dqn_agent,1,0,False,❌ Low sepsis risk (0.00) can use edge processing - Decision suboptimal
2025-10-19 13:27:28.728477,dqn_agent,0,0,True,✅ Low sepsis risk (0.20) can use edge processing - Decision appropriate
2025-10-19 13:27:28.794702,dqn_agent,0,0,True,✅ Low sepsis risk (0.00) can use edge processing - Decision appropriate
2025-10-19 13:27:28.860927,dqn_agent,1,0,False,❌ Low sepsis risk (0.00) can use edge processing - Decision suboptimal
2025-10-19 13:27:28.927152,dqn_agent,0,0,True,✅ Low sepsis risk (0.10) can use edge processing - Decision appropriate
2025-10-19 13:27:28.993377,dqn_agent,1,0,False,❌ Low sepsis risk (0.00) can use edge processing - Decision suboptimal
2025-10-19 13:27:29.059603,dqn_agent,1,0,False,❌ Low sepsis risk (0.00) can use edge processing - Decision suboptimal
2025-10-19 13:27:29.125828,dqn_agent,0,0,True,✅ Low sepsis risk (0.00) can use edge processing - Decision appropriate
2025-10-19 13:27:29.192053,dqn_agent,0,0,True,✅ Low sepsis risk (0.00) can use edge processing - Decision appropriate
2025-10-19 13:27:29.258278,dqn_agent,0,0,True,✅ Low sepsis risk (0.00) can use edge processing - Decision appropriate
2025-10-19 13:27:29.324503,dqn_agent,0,1,False,❌ Moderate sepsis risk (0.30) benefits from cloud accuracy - Decision suboptimal
2025-10-19 13:27:29.390728,dqn_agent,0,0,True,✅ Low sepsis risk (0.00) can use edge processing - Decision appropriate
2025-10-19 13:27:29.456954,dqn_agent,0,0,True,✅ Low sepsis risk (0.00) can use edge processing - Decision appropriate
2025-10-19 13:27:29.523179,dqn_agent,1,0,False,❌ Low sepsis risk (0.16) can use edge processing - Decision suboptimal
2025-10-19 13:27:29.589404,dqn_agent,0,0,True,✅ Low sepsis risk (0.00) can use edge processing - Decision appropriate
2025-10-19 13:27:29.655629,dqn_agent,0,0,True,✅ Low sepsis risk (0.00) can use edge processing - Decision appropriate
2025-10-19 13:27:29.721854,dqn_agent,1,0,False,❌ Low sepsis risk (0.04) can use edge processing - Decision suboptimal
2025-10-19 13:27:29.788079,dqn_agent,1,0,False,❌ Low sepsis risk (0.00) can use edge processing - Decision suboptimal
2025-10-19 13:27:29.854305,dqn_agent,0,0,True,✅ Low sepsis risk (0.00) can use edge processing - Decision appropriate
2025-10-19 13:27:29.920530,dqn_agent,1,0,False,❌ Low sepsis risk (0.00) can use edge processing - Decision suboptimal
2025-10-19 13:27:29.986755,dqn_agent,0,0,True,✅ Low sepsis risk (0.24) can use edge processing - Decision appropriate
2025-10-19 13:27:30.052980,dqn_agent,1,0,False,❌ Low sepsis risk (0.00) can use edge processing - Decision suboptimal
2025-10-19 13:27:30.119205,dqn_agent,1,0,False,❌ Low sepsis risk (0.00) can use edge processing - Decision suboptimal
2025-10-19 13:27:30.185430,dqn_agent,1,0,False,❌ Low sepsis risk (0.00) can use edge processing - Decision suboptimal
2025-10-19 13:27:30.251656,dqn_agent,0,0,True,✅ Low sepsis risk (0.00) can use edge processing - Decision appropriate
2025-10-19 13:27:30.317881,dqn_agent,0,0,True,✅ Low sepsis risk (0.14) can use edge processing - Decision appropriate
2025-10-19 13:27:30.384106,dqn_agent,1,0,False,❌ Low sepsis risk (0.00) can use edge processing - Decision suboptimal
2025-10-19 13:27:30.450331,dqn_agent,0,0,True,✅ Low sepsis risk (0.00) can use edge processing - Decision appropriate
2025-10-19 13:27:30.516556,dqn_agent,0,0,True,✅ Low sepsis risk (0.00) can use edge processing - Decision appropriate
2025-10-19 13:27:30.582781,dqn_agent,0,0,True,✅ Low sepsis risk (0.00) can use edge processing - Decision appropriate
2025-10-19 13:27:30.649007,dqn_agent,0,0,True,✅ Low sepsis risk (0.00) can use edge processing - Decision appropriate
2025-10-19 13:27:30.715232,dqn_agent,1,0,False,❌ Low sepsis risk (0.20) can use edge processing - Decision suboptimal
2025-10-19 13:27:30.781457,dqn_agent,0,0,True,✅ Low sepsis risk (0.00) can use edge processing - Decision appropriate
2025-10-19 13:27:30.847682,dqn_agent,1,0,False,❌ Low sepsis risk (0.00) can use edge processing - Decision suboptimal
2025-10-19 13:27:30.913907,dqn_agent,1,0,False,❌ Low sepsis risk (0.10) can use edge processing - Decision suboptimal
2025-10-19 13:27:30.980132,dqn_agent,0,0,True,✅ Low sepsis risk (0.00) can use edge processing - Decision appropriate
2025-10-19 13:27:31.046358,dqn_agent,0,0,True,✅ Low sepsis risk (0.00) can use edge processing - Decision appropriate
2025-10-19 13:27:31.112583,dqn_agent,0,0,True,✅ Low sepsis risk (0.00) can use edge processing - Decision appropriate
2025-10-19 13:27:31.178808,dqn_agent,1,0,False,❌ Low sepsis risk (0.00) can use edge processing - Decision suboptimal
2025-10-19 13:27:31.245033,dqn_agent,1,0,False,❌ Low sepsis risk (0.00) can use edge processing - Decision suboptimal
2025-10-19 13:27:31.311258,dqn_agent,1,1,True,✅ Moderate sepsis risk (0.30) benefits from cloud accuracy - Decision appropriate
2025-10-19 13:27:31.377483,dqn_agent,0,0,True,✅ Low sepsis risk (0.00) can use edge processing - Decision appropriate
2025-10-19 13:27:31.443709,dqn_agent,0,0,True,✅ Low sepsis risk (0.00) can use edge processing - Decision appropriate
2025-10-19 13:27:31.509934,dqn_agent,1,0,False,❌ Low sepsis risk (0.16) can use edge processing - Decision suboptimal
2025-10-19 13:27:31.576159,dqn_agent,0,0,True,✅ Low sepsis risk (0.00) can use edge processing - Decision appropriate
2025-10-19 13:27:31.642384,dqn_agent,0,0,True,✅ Low sepsis risk (0.00) can use edge processing - Decision appropriate
2025-10-19 13:27:31.708609,dqn_agent,1,0,False,❌ Low sepsis risk (0.04) can use edge processing - Decision suboptimal
2025-10-19 13:27:31.774834,dqn_agent,0,0,True,✅ Low sepsis risk (0.00) can use edge processing - Decision appropriate
2025-10-19 13:27:31.841060,dqn_agent,0,0,True,✅ Low sepsis risk (0.00) can use edge processing - Decision appropriate
2025-10-19 13:27:31.907285,dqn_agent,1,0,False,❌ Low sepsis risk (0.00) can use edge processing - Decision suboptimal
2025-10-19 13:27:31.973510,dqn_agent,0,0,True,✅ Low sepsis risk (0.24) can use edge processing - Decision appropriate
2025-10-19 13:27:32.039735,dqn_agent,1,0,False,❌ Low sepsis risk (0.00) can use edge processing - Decision suboptimal
2025-10-19 13:27:32.105960,dqn_agent,0,0,True,✅ Low sepsis risk (0.00) can use edge processing - Decision appropriate
2025-10-19 13:27:32.172185,dqn_agent,0,0,True,✅ Low sepsis risk (0.00) can use edge processing - Decision appropriate
2025-10-19 13:27:32.238411,dqn_agent,0,0,True,✅ Low sepsis risk (0.00) can use edge processing - Decision appropriate
2025-10-19 13:27:32.304636,dqn_agent,0,0,True,✅ Low sepsis risk (0.14) can use edge processing - Decision appropriate
2025-10-19 13:27:32.370861,dqn_agent,0,0,True,✅ Low sepsis risk (0.00) can use edge processing - Decision appropriate
2025-10-19 13:27:32.437086,dqn_agent,1,0,False,❌ Low sepsis risk (0.00) can use edge processing - Decision suboptimal
2025-10-19 13:27:32.503311,dqn_agent,0,0,True,✅ Low sepsis risk (0.00) can use edge processing - Decision appropriate
2025-10-19 13:27:32.569536,dqn_agent,1,0,False,❌ Low sepsis risk (0.00) can use edge processing - Decision suboptimal
2025-10-19 13:27:32.635762,dqn_agent,0,0,True,✅ Low sepsis risk (0.00) can use edge processing - Decision appropriate
2025-10-19 13:27:32.701987,dqn_agent,0,0,True,✅ Low sepsis risk (0.20) can use edge processing - Decision appropriate
2025-10-19 13:27:32.768212,dqn_agent,0,0,True,✅ Low sepsis risk (0.00) can use edge processing - Decision appropriate
2025-10-19 13:27:32.834437,dqn_agent,0,0,True,✅ Low sepsis risk (0.00) can use edge processing - Decision appropriate
2025-10-19 13:27:32.900662,dqn_agent,0,0,True,✅ Low sepsis risk (0.10) can use edge processing - Decision appropriate
2025-10-19 13:27:32.966887,dqn_agent,1,0,False,❌ Low sepsis risk (0.00) can use edge processing - Decision suboptimal
2025-10-19 13:27:33.033113,dqn_agent,1,0,False,❌ Low sepsis risk (0.00) can use edge processing - Decision suboptimal
2025-10-19 13:27:33.099338,dqn_agent,1,0,False,❌ Low sepsis risk (0.00) can use edge processing - Decision suboptimal
2025-10-19 13:27:33.165563,dqn_agent,0,0,True,✅ Low sepsis risk (0.00) can use edge processing - Decision appropriate
2025-10-19 13:27:33.231788,dqn_agent,0,0,True,✅ Low sepsis risk (0.00) can use edge processing - Decision appropriate
2025-10-19 13:27:33.298013,dqn_agent,1,1,True,✅ Moderate sepsis risk (0.30) benefits from cloud accuracy - Decision appropriate
2025-10-19 13:27:33.364238,dqn_agent,1,0,False,❌ Low sepsis risk (0.00) can use edge processing - Decision suboptimal
2025-10-19 13:27:33.430464,dqn_agent,0,0,True,✅ Low sepsis risk (0.00) can use edge processing - Decision appropriate
2025-10-19 13:27:33.496689,dqn_agent,1,0,False,❌ Low sepsis risk (0.16) can use edge processing - Decision suboptimal
2025-10-19 13:27:33.562914,dqn_agent,0,0,True,✅ Low sepsis risk (0.00) can use edge processing - Decision appropriate
2025-10-19 13:27:33.629139,dqn_agent,0,0,True,✅ Low sepsis risk (0.00) can use edge processing - Decision appropriate
2025-10-19 13:27:33.695364,dqn_agent,0,0,True,✅ Low sepsis risk (0.04) can use edge processing - Decision appropriate
2025-10-19 13:27:33.761589,dqn_agent,1,0,False,❌ Low sepsis risk (0.00) can use edge processing - Decision suboptimal
2025-10-19 13:27:33.827815,dqn_agent,1,0,False,❌ Low sepsis risk (0.00) can use edge processing - Decision suboptimal
2025-10-19 13:27:33.894040,dqn_agent,0,0,True,✅ Low sepsis risk (0.00) can use edge processing - Decision appropriate
2025-10-19 13:27:33.960265,dqn_agent,0,0,True,✅ Low sepsis risk (0.24) can use edge processing - Decision appropriate
2025-10-19 13:27:34.026490,dqn_agent,0,0,True,✅ Low sepsis risk (0.00) can use edge processing - Decision appropriate
2025-10-19 13:27:34.092715,dqn_agent,0,0,True,✅ Low sepsis risk (0.00) can use edge processing - Decision appropriate
2025-10-19 13:27:34.158940,dqn_agent,0,0,True,✅ Low sepsis risk (0.00) can use edge processing - Decision appropriate
2025-10-19 13:27:34.225166,dqn_agent,0,0,True,✅ Low sepsis risk (0.00) can use edge processing - Decision appropriate
2025-10-19 13:27:34.291391,dqn_agent,1,0,False,❌ Low sepsis risk (0.14) can use edge processing - Decision suboptimal
2025-10-19 13:27:34.357616,dqn_agent,0,0,True,✅ Low sepsis risk (0.00) can use edge processing - Decision appropriate
2025-10-19 13:27:34.423841,dqn_agent,0,0,True,✅ Low sepsis risk (0.00) can use edge processing - Decision appropriate
2025-10-19 13:27:34.490066,dqn_agent,1,0,False,❌ Low sepsis risk (0.00) can use edge processing - Decision suboptimal
2025-10-19 13:27:34.556291,dqn_agent,1,0,False,❌ Low sepsis risk (0.00) can use edge processing - Decision suboptimal
2025-10-19 13:27:34.622517,dqn_agent,1,0,False,❌ Low sepsis risk (0.00) can use edge processing - Decision suboptimal
2025-10-19 13:27:34.688742,dqn_agent,1,0,False,❌ Low sepsis risk (0.20) can use edge processing - Decision suboptimal
2025-10-19 13:27:34.754967,dqn_agent,0,0,True,✅ Low sepsis risk (0.00) can use edge processing - Decision appropriate
2025-10-19 13:27:34.821192,dqn_agent,1,0,False,❌ Low sepsis risk (0.00) can use edge processing - Decision suboptimal
2025-10-19 13:27:34.887417,dqn_agent,1,0,False,❌ Low sepsis risk (0.10) can use edge processing - Decision suboptimal
2025-10-19 13:27:34.953642,dqn_agent,1,0,False,❌ Low sepsis risk (0.00) can use edge processing - Decision suboptimal
2025-10-19 13:27:35.019868,dqn_agent,1,0,False,❌ Low sepsis risk (0.00) can use edge processing - Decision suboptimal
2025-10-19 13:27:35.086093,dqn_agent,0,0,True,✅ Low sepsis risk (0.00) can use edge processing - Decision appropriate
2025-10-19 13:27:35.152318,dqn_agent,0,0,True,✅ Low sepsis risk (0.00) can use edge processing - Decision appropriate
2025-10-19 13:27:35.218543,dqn_agent,1,0,False,❌ Low sepsis risk (0.00) can use edge processing - Decision suboptimal
2025-10-19 13:27:35.284768,dqn_agent,1,1,True,✅ Moderate sepsis risk (0.30) benefits from cloud accuracy - Decision appropriate
2025-10-19 13:27:35.350993,dqn_agent,1,0,False,❌ Low sepsis risk (0.00) can use edge processing - Decision suboptimal
2025-10-19 13:27:35.417219,dqn_agent,0,0,True,✅ Low sepsis risk (0.00) can use edge processing - Decision appropriate
2025-10-19 13:27:35.483444,dqn_agent,0,0,True,✅ Low sepsis risk (0.16) can use edge processing - Decision appropriate
2025-10-19 13:27:35.549669,dqn_agent,0,0,True,✅ Low sepsis risk (0.00) can use edge processing - Decision appropriate
2025-10-19 13:27:35.615894,dqn_agent,1,0,False,❌ Low sepsis risk (0.00) can use edge processing - Decision suboptimal
2025-10-19 13:27:35.682119,dqn_agent,1,0,False,❌ Low sepsis risk (0.04) can use edge processing - Decision suboptimal
2025-10-19 13:27:35.748344,dqn_agent,1,0,False,❌ Low sepsis risk (0.00) can use edge processing - Decision suboptimal
2025-10-19 13:27:35.814570,dqn_agent,0,0,True,✅ Low sepsis risk (0.00) can use edge processing - Decision appropriate
2025-10-19 13:27:35.880795,dqn_agent,0,0,True,✅ Low sepsis risk (0.00) can use edge processing - Decision appropriate
2025-10-19 13:27:35.947020,dqn_agent,1,0,False,❌ Low sepsis risk (0.24) can use edge processing - Decision suboptimal
2025-10-19 13:27:36.013245,dqn_agent,0,0,True,✅ Low sepsis risk (0.00) can use edge processing - Decision appropriate
2025-10-19 13:27:36.079470,dqn_agent,1,0,False,❌ Low sepsis risk (0.00) can use edge processing - Decision suboptimal
2025-10-19 13:27:36.145695,dqn_agent,1,0,False,❌ Low sepsis risk (0.00) can use edge processing - Decision suboptimal
2025-10-19 13:27:36.211921,dqn_agent,0,0,True,✅ Low sepsis risk (0.00) can use edge processing - Decision appropriate
2025-10-19 13:27:36.278146,dqn_agent,0,0,True,✅ Low sepsis risk (0.14) can use edge processing - Decision appropriate
2025-10-19 13:27:36.344371,dqn_agent,1,0,False,❌ Low sepsis risk (0.00) can use edge processing - Decision suboptimal
2025-10-19 13:27:36.410596,dqn_agent,1,0,False,❌ Low sepsis risk (0.00) can use edge processing - Decision suboptimal
2025-10-19 13:27:36.476821,dqn_agent,1,0,False,❌ Low sepsis risk (0.00) can use edge processing - Decision suboptimal
2025-10-19 13:27:36.543046,dqn_agent,0,0,True,✅ Low sepsis risk (0.00) can use edge processing - Decision appropriate
2025-10-19 13:27:36.609272,dqn_agent,1,0,False,❌ Low sepsis risk (0.00) can use edge processing - Decision suboptimal
2025-10-19 13:27:36.675497,dqn_agent,1,0,False,❌ Low sepsis risk (0.20) can use edge processing - Decision suboptimal
2025-10-19 13:27:36.741722,dqn_agent,1,0,False,❌ Low sepsis risk (0.00) can use edge processing - Decision suboptimal
2025-10-19 13:27:36.807947,dqn_agent,0,0,True,✅ Low sepsis risk (0.00) can use edge processing - Decision appropriate
2025-10-19 13:27:36.874172,dqn_agent,0,0,True,✅ Low sepsis risk (0.10) can use edge processing - Decision appropriate
2025-10-19 13:27:36.940397,dqn_agent,0,0,True,✅ Low sepsis risk (0.00) can use edge processing - Decision appropriate
2025-10-19 13:27:37.006623,dqn_agent,1,0,False,❌ Low sepsis risk (0.00) can use edge processing - Decision suboptimal
2025-10-19 13:27:37.072848,dqn_agent,0,0,True,✅ Low sepsis risk (0.00) can use edge processing - Decision appropriate
2025-10-19 13:27:37.139073,dqn_agent,0,0,True,✅ Low sepsis risk (0.00) can use edge processing - Decision appropriate
2025-10-19 13:27:37.205298,dqn_agent,0,0,True,✅ Low sepsis risk (0.00) can use edge processing - Decision appropriate
2025-10-19 13:27:37.271523,dqn_agent,0,1,False,❌ Moderate sepsis risk (0.30) benefits from cloud accuracy - Decision suboptimal
2025-10-19 13:27:37.337748,dqn_agent,1,0,False,❌ Low sepsis risk (0.00) can use edge processing - Decision suboptimal
2025-10-19 13:27:37.403974,dqn_agent,1,0,False,❌ Low sepsis risk (0.00) can use edge processing - Decision suboptimal
2025-10-19 13:27:37.470199,dqn_agent,0,0,True,✅ Low sepsis risk (0.16) can use edge processing - Decision appropriate
2025-10-19 13:27:37.536424,dqn_agent,0,0,True,✅ Low sepsis risk (0.00) can use edge processing - Decision appropriate
2025-10-19 13:27:37.602649,dqn_agent,1,0,False,❌ Low sepsis risk (0.00) can use edge processing - Decision suboptimal
2025-10-19 13:27:37.668874,dqn_agent,0,0,True,✅ Low sepsis risk (0.04) can use edge processing - Decision appropriate
2025-10-19 13:27:37.735099,dqn_agent,1,0,False,❌ Low sepsis risk (0.00) can use edge processing - Decision suboptimal
2025-10-19 13:27:37.801325,dqn_agent,0,0,True,✅ Low sepsis risk (0.00) can use edge processing - Decision appropriate
2025-10-19 13:27:37.867550,dqn_agent,0,0,True,✅ Low sepsis risk (0.00) can use edge processing - Decision appropriate
2025-10-19 13:27:37.933775,dqn_agent,1,0,False,❌ Low sepsis risk (0.24) can use edge processing - Decision suboptimal
2025-10-19 13:27:38.000000,dqn_agent,0,0,True,✅ Low sepsis risk (0.00) can use edge processing - Decision appropriate
2025-10-19 13:26:38.000000,dqn_agent,1,0,False,❌ Low sepsis risk (0.00) can use edge processing - Decision suboptimal
2025-10-19 13:26:38.066225,dqn_agent,0,0,True,✅ Low sepsis risk (0.00) can use edge processing - Decision appropriate
2025-10-19 13:26:38.132450,dqn_agent,1,0,False,❌ Low sepsis risk (0.00) can use edge processing - Decision suboptimal
2025-10-19 13:26:38.198675,dqn_agent,1,0,False,❌ Low sepsis risk (0.14) can use edge processing - Decision suboptimal
2025-10-19 13:26:38.264901,dqn_agent,1,0,False,❌ Low sepsis risk (0.00) can use edge processing - Decision suboptimal
2025-10-19 13:26:38.331126,dqn_agent,0,0,True,✅ Low sepsis risk (0.00) can use edge processing - Decision appropriate
2025-10-19 13:26:38.397351,dqn_agent,1,0,False,❌ Low sepsis risk (0.00) can use edge processing - Decision suboptimal
2025-10-19 13:26:38.463576,dqn_agent,0,0,True,✅ Low sepsis risk (0.00) can use edge processing - Decision appropriate
2025-10-19 13:26:38.529801,dqn_agent,1,0,False,❌ Low sepsis risk (0.00) can use edge processing - Decision suboptimal
2025-10-19 13:26:38.596026,dqn_agent,1,0,False,❌ Low sepsis risk (0.20) can use edge processing - Decision suboptimal
2025-10-19 13:26:38.662252,dqn_agent,1,0,False,❌ Low sepsis risk (0.00) can use edge processing - Decision suboptimal
2025-10-19 13:26:38.728477,dqn_agent,0,0,True,✅ Low sepsis risk (0.00) can use edge processing - Decision appropriate
2025-10-19 13:26:38.794702,dqn_agent,0,0,True,✅ Low sepsis risk (0.10) can use edge processing - Decision appropriate
2025-10-19 13:26:38.860927,dqn_agent,0,0,True,✅ Low sepsis risk (0.00) can use edge processing - Decision appropriate
2025-10-19 13:26:38.927152,dqn_agent,0,0,True,✅ Low sepsis risk (0.00) can use edge processing - Decision appropriate
2025-10-19 13:26:38.993377,dqn_agent,1,0,False,❌ Low sepsis risk (0.00) can use edge processing - Decision suboptimal
2025-10-19 13:26:39.059603,dqn_agent,0,0,True,✅ Low sepsis risk (0.00) can use edge processing - Decision appropriate
