timestamp,agent_id,reward,loss,epsilon,rolling_reward,rolling_loss
2025-10-19 13:05:33.000000,ward_0,6.304176516942475,0.1,1.0,,
2025-10-19 13:05:33.065934,ward_1,6.304176516942475,0.09990004998333751,0.995,,
2025-10-19 13:05:33.131868,ward_2,6.304176516942475,0.09980019986673332,0.990025,,
2025-10-19 13:05:33.197802,ward_0,6.304176516942475,0.0997004495503373,0.985074875,,
2025-10-19 13:05:33.263736,ward_1,6.304176516942475,0.09960079893439916,0.980149500625,,
2025-10-19 13:05:33.329670,ward_2,6.304176516942475,0.09950124791926823,0.975248753121875,,
2025-10-19 13:05:33.395604,ward_0,6.304176516942475,0.09940179640539354,0.9703725093562656,,
2025-10-19 13:05:33.461538,ward_1,6.304176516942475,0.09930244429332352,0.9655206468094842,,
2025-10-19 13:05:33.527473,ward_2,6.304176516942475,0.09920319148370607,0.9606930435754368,,
2025-10-19 13:05:33.593407,ward_0,6.304176516942475,0.09910403787728837,0.9558895783575596,,
2025-10-19 13:05:33.659341,ward_1,6.304176516942475,0.09900498337491681,0.9511101304657719,,
2025-10-19 13:05:33.725275,ward_2,6.304176516942475,0.09890602787753688,0.946354579813443,,
2025-10-19 13:05:33.791209,ward_0,6.304176516942475,0.09880717128619305,0.9416228069143757,,
2025-10-19 13:05:33.857143,ward_1,6.304176516942475,0.09870841350202876,0.9369146928798039,,
2025-10-19 13:05:33.923077,ward_2,6.304176516942475,0.0986097544262862,0.9322301194154049,,
2025-10-19 13:05:33.989011,ward_0,6.304176516942475,0.09851119396030628,0.9275689688183278,,
2025-10-19 13:05:34.054945,ward_1,6.304176516942475,0.09841273200552852,0.9229311239742362,,
2025-10-19 13:05:34.120879,ward_2,6.304176516942475,0.09831436846349097,0.918316468354365,,
2025-10-19 13:05:34.186813,ward_0,6.304176516942475,0.09821610323583008,0.9137248860125932,,
2025-10-19 13:05:34.252747,ward_1,6.304176516942475,0.09811793622428061,0.9091562615825302,,
2025-10-19 13:05:34.318681,ward_2,6.304176516942475,0.09801986733067553,0.9046104802746175,,
2025-10-19 13:05:34.384615,ward_0,6.304176516942475,0.09792189645694596,0.9000874278732445,,
2025-10-19 13:05:34.450549,ward_1,6.304176516942475,0.09782402350512101,0.8955869907338783,,
2025-10-19 13:05:34.516484,ward_2,6.304176516942475,0.09772624837732771,0.8911090557802088,,
2025-10-19 13:05:34.582418,ward_0,6.304176516942475,0.09762857097579093,0.8866535105013078,,
2025-10-19 13:05:34.648352,ward_1,6.304176516942475,0.09753099120283326,0.8822202429488012,,
2025-10-19 13:05:34.714286,ward_2,6.304176516942475,0.09743350896087494,0.8778091417340572,,
2025-10-19 13:05:34.780220,ward_0,6.304176516942475,0.09733612415243369,0.873420096025387,,
2025-10-19 13:05:34.846154,ward_1,6.304176516942475,0.09723883668012469,0.86905299554526,,
2025-10-19 13:05:34.912088,ward_2,6.304176516942475,0.09714164644666048,0.8647077305675337,,
2025-10-19 13:05:34.978022,ward_0,6.304176516942475,0.09704455335485082,0.8603841919146961,,
2025-10-19 13:05:35.043956,ward_1,6.304176516942475,0.0969475573076026,0.8560822709551226,,
2025-10-19 13:05:35.109890,ward_2,6.304176516942475,0.09685065820791977,0.8518018596003469,,
2025-10-19 13:05:35.175824,ward_0,6.304176516942475,0.0967538559589032,0.8475428503023452,,
2025-10-19 13:05:35.241758,ward_1,6.304176516942475,0.09665715046375067,0.8433051360508335,,
2025-10-19 13:05:35.307692,ward_2,6.304176516942475,0.09656054162575665,0.8390886103705792,,
2025-10-19 13:05:35.373626,ward_0,6.304176516942475,0.09646402934831232,0.8348931673187264,,
2025-10-19 13:05:35.439560,ward_1,6.304176516942475,0.09636761353490536,0.8307187014821328,,
2025-10-19 13:05:35.505495,ward_2,6.304176516942475,0.09627129408911995,0.826565107974722,,
2025-10-19 13:05:35.571429,ward_0,6.304176516942475,0.09617507091463667,0.8224322824348484,,
2025-10-19 13:05:35.637363,ward_1,6.304176516942475,0.09607894391523232,0.8183201210226743,,
2025-10-19 13:05:35.703297,ward_2,6.304176516942475,0.0959829129947799,0.8142285204175609,,
2025-10-19 13:05:35.769231,ward_0,6.304176516942475,0.09588697805724845,0.810157377815473,,
2025-10-19 13:05:35.835165,ward_1,6.304176516942475,0.09579113900670307,0.8061065909263957,,
2025-10-19 13:05:35.901099,ward_2,6.304176516942475,0.09569539574730468,0.8020760579717637,,
2025-10-19 13:05:35.967033,ward_0,6.304176516942475,0.09559974818331,0.7980656776819048,,
2025-10-19 13:05:36.032967,ward_1,6.304176516942475,0.09550419621907147,0.7940753492934953,,
2025-10-19 13:05:36.098901,ward_2,6.304176516942475,0.09540873975903712,0.7901049725470278,,
2025-10-19 13:05:36.164835,ward_0,6.304176516942475,0.09531337870775047,0.7861544476842928,,
2025-10-19 13:05:36.230769,ward_1,6.304176516942475,0.0952181129698505,0.7822236754458712,,
2025-10-19 13:05:36.296703,ward_2,6.304176516942475,0.09512294245007141,0.7783125570686419,,
2025-10-19 13:05:36.362637,ward_0,6.304176516942475,0.0950278670532427,0.7744209942832987,,
2025-10-19 13:05:36.428571,ward_1,6.304176516942475,0.09493288668428895,0.7705488893118821,,
2025-10-19 13:05:36.494505,ward_2,6.304176516942475,0.09483800124822983,0.7666961448653228,,
2025-10-19 13:05:36.560440,ward_0,6.304176516942475,0.09474321065017983,0.7628626641409961,,
2025-10-19 13:05:36.626374,ward_1,6.304176516942475,0.09464851479534839,0.7590483508202912,,
2025-10-19 13:05:36.692308,ward_2,6.304176516942475,0.09455391358903964,0.7552531090661897,,
2025-10-19 13:05:36.758242,ward_0,6.304176516942475,0.09445940693665233,0.7514768435208588,,
2025-10-19 13:05:36.824176,ward_1,6.304176516942475,0.09436499474367986,0.7477194593032545,,
2025-10-19 13:05:36.890110,ward_2,6.304176516942475,0.09427067691570998,0.7439808620067382,,
2025-10-19 13:05:36.956044,ward_0,6.304176516942475,0.09417645335842488,0.7402609576967045,,
2025-10-19 13:05:37.021978,ward_1,6.304176516942475,0.09408232397760097,0.736559652908221,,
2025-10-19 13:05:37.087912,ward_2,6.304176516942475,0.0939882886791089,0.7328768546436799,,
2025-10-19 13:05:37.153846,ward_0,6.304176516942475,0.09389434736891333,0.7292124703704614,,
2025-10-19 13:05:37.219780,ward_1,6.304176516942475,0.09380049995307295,0.7255664080186092,,
2025-10-19 13:05:37.285714,ward_2,6.304176516942475,0.09370674633774034,0.7219385759785161,,
2025-10-19 13:05:37.351648,ward_0,6.304176516942475,0.09361308642916188,0.7183288830986235,,
2025-10-19 13:05:37.417582,ward_1,6.304176516942475,0.09351952013367766,0.7147372386831304,,
2025-10-19 13:05:37.483516,ward_2,6.304176516942475,0.09342604735772136,0.7111635524897147,,
2025-10-19 13:05:37.549451,ward_0,6.304176516942475,0.0933326680078202,0.7076077347272661,,
2025-10-19 13:05:37.615385,ward_1,6.304176516942475,0.09323938199059484,0.7040696960536298,,
2025-10-19 13:05:37.681319,ward_2,6.304176516942475,0.09314618921275922,0.7005493475733616,,
2025-10-19 13:05:37.747253,ward_0,6.304176516942475,0.09305308958112057,0.6970466008354949,,
2025-10-19 13:05:37.813187,ward_1,6.304176516942475,0.09296008300257928,0.6935613678313174,,
2025-10-19 13:05:37.879121,ward_2,6.304176516942475,0.09286716938412873,0.6900935609921608,,
2025-10-19 13:05:37.945055,ward_0,6.304176516942475,0.09277434863285529,0.6866430931872,,
2025-10-19 13:05:38.010989,ward_1,6.304176516942475,0.09268162065593823,0.683209877721264,,
2025-10-19 13:05:38.076923,ward_2,6.304176516942475,0.09258898536064954,0.6797938283326577,,
2025-10-19 13:05:38.142857,ward_0,6.304176516942475,0.09249644265435393,0.6763948591909944,,
2025-10-19 13:05:38.208791,ward_1,6.304176516942475,0.09240399244450868,0.6730128848950394,,
2025-10-19 13:05:38.274725,ward_2,6.304176516942475,0.09231163463866358,0.6696478204705641,,
2025-10-19 13:05:38.340659,ward_0,6.304176516942475,0.09221936914446081,0.6662995813682113,,
2025-10-19 13:05:38.406593,ward_1,6.304176516942475,0.09212719586963487,0.6629680834613703,,
2025-10-19 13:05:38.472527,ward_2,6.304176516942475,0.09203511472201248,0.6596532430440635,,
2025-10-19 13:05:38.538462,ward_0,6.304176516942475,0.09194312560951247,0.6563549768288431,,
2025-10-19 13:05:38.604396,ward_1,6.304176516942475,0.09185122844014575,0.6530732019446989,,
2025-10-19 13:05:38.670330,ward_2,6.304176516942475,0.0917594231220151,0.6498078359349754,,
2025-10-19 13:05:38.736264,ward_0,6.304176516942475,0.09166770956331523,0.6465587967553006,,
2025-10-19 13:05:38.802198,ward_1,6.304176516942475,0.09157608767233257,0.6433260027715241,,
2025-10-19 13:05:38.868132,ward_2,6.304176516942475,0.0914845573574452,0.6401093727576664,,
2025-10-19 13:05:38.934066,ward_0,6.304176516942475,0.09139311852712283,0.6369088258938781,,
2025-10-19 13:05:39.000000,ward_1,6.304176516942475,0.09130177108992658,0.6337242817644086,,
2025-10-19 13:05:39.065934,ward_2,6.304176516942475,0.09121051495450905,0.6305556603555866,,
2025-10-19 13:05:39.131868,ward_0,6.304176516942475,0.09111935002961406,0.6274028820538087,,
2025-10-19 13:05:39.197802,ward_1,6.304176516942475,0.0910282762240767,0.6242658676435396,,
2025-10-19 13:05:39.263736,ward_2,6.304176516942475,0.09093729344682315,0.6211445383053219,,
2025-10-19 13:05:39.329670,ward_0,6.304176516942475,0.09084640160687063,0.6180388156137954,,
2025-10-19 13:05:39.395604,ward_1,6.304176516942475,0.09075560061332727,0.6149486215357264,,
2025-10-19 13:05:39.461538,ward_2,6.304176516942475,0.0906648903753921,0.6118738784280477,,
2025-10-19 13:05:39.527473,ward_0,6.304176516942475,0.09057427080235486,0.6088145090359075,6.304176516942475,0.09521017118523747
2025-10-19 13:05:39.593407,ward_1,6.304176516942475,0.09048374180359596,0.6057704364907279,6.304176516942475,0.09511500860327345
2025-10-19 13:05:39.659341,ward_2,6.304176516942475,0.09039330328858641,0.6027415843082743,6.304176516942475,0.09501994113632593
2025-10-19 13:05:39.725275,ward_0,6.304176516942475,0.09030295516688769,0.599727876386733,6.304176516942475,0.09492496868932747
2025-10-19 13:05:39.791209,ward_1,6.304176516942475,0.09021269734815165,0.5967292370047993,6.304176516942475,0.09483009116730562
2025-10-19 13:05:39.857143,ward_2,6.304176516942475,0.09012252974212048,0.5937455908197753,6.304176516942475,0.09473530847538283
2025-10-19 13:05:39.923077,ward_0,6.304176516942475,0.09003245225862656,0.5907768628656764,6.304176516942475,0.09464062051877642
2025-10-19 13:05:39.989011,ward_1,6.304176516942475,0.08994246480759241,0.587822978551348,6.304176516942475,0.09454602720279841
2025-10-19 13:05:40.054945,ward_2,6.304176516942475,0.08985256729903056,0.5848838636585912,6.304176516942475,0.09445152843285548
2025-10-19 13:05:40.120879,ward_0,6.304176516942475,0.08976275964304349,0.5819594443402983,6.304176516942475,0.09435712411444884
2025-10-19 13:05:40.186813,ward_1,6.304176516942475,0.08967304174982355,0.5790496471185969,6.304176516942475,0.09426281415317421
2025-10-19 13:05:40.252747,ward_2,6.304176516942475,0.08958341352965282,0.5761543988830038,6.304176516942475,0.09416859845472154
2025-10-19 13:05:40.318681,ward_0,6.304176516942475,0.08949387489290311,0.5732736268885888,6.304176516942475,0.09407447692487522
2025-10-19 13:05:40.384615,ward_1,6.304176516942475,0.08940442575003572,0.5704072587541459,6.304176516942475,0.09398044946951364
2025-10-19 13:05:40.450549,ward_2,6.304176516942475,0.08931506601160155,0.5675552224603752,6.304176516942475,0.09388651599460937
2025-10-19 13:05:40.516484,ward_0,6.304176516942475,0.08922579558824084,0.5647174463480732,6.304176516942475,0.09379267640622894
2025-10-19 13:05:40.582418,ward_1,6.304176516942475,0.08913661439068314,0.5618938591163328,6.304176516942475,0.09369893061053268
2025-10-19 13:05:40.648352,ward_2,6.304176516942475,0.08904752232974728,0.5590843898207511,6.304176516942475,0.09360527851377488
2025-10-19 13:05:40.714286,ward_0,6.304176516942475,0.08895851931634113,0.5562889678716475,6.304176516942475,0.09351172002230339
2025-10-19 13:05:40.780220,ward_1,6.304176516942475,0.08886960526146175,0.5535075230322892,6.304176516942475,0.0934182550425597
2025-10-19 13:05:40.846154,ward_2,6.304176516942475,0.08878078007619501,0.5507399854171278,6.304176516942475,0.09332488348107885
2025-10-19 13:05:40.912088,ward_0,6.304176516942475,0.08869204367171575,0.5479862854900421,6.304176516942475,0.09323160524448924
2025-10-19 13:05:40.978022,ward_1,6.304176516942475,0.08860339595928757,0.5452463540625919,6.304176516942475,0.09313842023951265
2025-10-19 13:05:41.043956,ward_2,6.304176516942475,0.08851483685026272,0.542520122292279,6.304176516942475,0.09304532837296409
2025-10-19 13:05:41.109890,ward_0,6.304176516942475,0.08842636625608209,0.5398075216808176,6.304176516942475,0.09295232955175163
2025-10-19 13:05:41.175824,ward_1,6.304176516942475,0.08833798408827509,0.5371084840724134,6.304176516942475,0.09285942368287646
2025-10-19 13:05:41.241758,ward_2,6.304176516942475,0.08824969025845955,0.5344229416520514,6.304176516942475,0.09276661067343273
2025-10-19 13:05:41.307692,ward_0,6.304176516942475,0.08816148467834162,0.5317508269437912,6.304176516942475,0.09267389043060739
2025-10-19 13:05:41.373626,ward_1,6.304176516942475,0.0880733672597157,0.5290920728090721,6.304176516942475,0.09258126286168021
2025-10-19 13:05:41.439560,ward_2,6.304176516942475,0.08798533791446439,0.5264466124450268,6.304176516942475,0.09248872787402361
2025-10-19 13:05:41.505495,ward_0,6.304176516942475,0.08789739655455832,0.5238143793828016,6.304176516942475,0.09239628537510258
2025-10-19 13:05:41.571429,ward_1,6.304176516942475,0.08780954309205613,0.5211953074858876,6.304176516942475,0.09230393527247464
2025-10-19 13:05:41.637363,ward_2,6.304176516942475,0.08772177743910436,0.5185893309484582,6.304176516942475,0.09221167747378967
2025-10-19 13:05:41.703297,ward_0,6.304176516942475,0.08763409950793732,0.515996384293716,6.304176516942475,0.09211951188678985
2025-10-19 13:05:41.769231,ward_1,6.304176516942475,0.08754650921087712,0.5134164023722474,6.304176516942475,0.09202743841930956
2025-10-19 13:05:41.835165,ward_2,6.304176516942475,0.0874590064603334,0.5108493203603861,6.304176516942475,0.0919354569792754
2025-10-19 13:05:41.901099,ward_0,6.304176516942475,0.08737159116880344,0.5082950737585842,6.304176516942475,0.09184356747470587
2025-10-19 13:05:41.967033,ward_1,6.304176516942475,0.08728426324887194,0.5057535983897913,6.304176516942475,0.09175176981371147
2025-10-19 13:05:42.032967,ward_2,6.304176516942475,0.08719702261321094,0.5032248303978423,6.304176516942475,0.09166006390449452
2025-10-19 13:05:42.098901,ward_0,6.304176516942475,0.08710986917457984,0.5007087062458531,6.304176516942475,0.09156844965534912
2025-10-19 13:05:42.164835,ward_1,6.304176516942475,0.08702280284582516,0.4982051627146238,6.304176516942475,0.091476926974661
2025-10-19 13:05:42.230769,ward_2,6.304176516942475,0.0869358235398806,0.4957141369010507,6.304176516942475,0.0913854957709075
2025-10-19 13:05:42.296703,ward_0,6.304176516942475,0.08684893116976679,0.4932355662165454,6.304176516942475,0.09129415595265736
2025-10-19 13:05:42.362637,ward_1,6.304176516942475,0.08676212564859141,0.4907693883854627,6.304176516942475,0.09120290742857078
2025-10-19 13:05:42.428571,ward_2,6.304176516942475,0.0866754068895489,0.4883155414435354,6.304176516942475,0.09111175010739923
2025-10-19 13:05:42.494505,ward_0,6.304176516942475,0.0865887748059205,0.4858739637363177,6.304176516942475,0.09102068389798541
2025-10-19 13:05:42.560440,ward_1,6.304176516942475,0.08650222931107414,0.4834445939176361,6.304176516942475,0.09092970870926305
2025-10-19 13:05:42.626374,ward_2,6.304176516942475,0.08641577031846429,0.4810273709480479,6.304176516942475,0.09083882445025697
2025-10-19 13:05:42.692308,ward_0,6.304176516942475,0.08632939774163195,0.4786222340933077,6.304176516942475,0.09074803103008292
2025-10-19 13:05:42.758242,ward_1,6.304176516942475,0.08624311149420455,0.47622912292284114,6.304176516942475,0.09065732835794746
2025-10-19 13:05:42.824176,ward_2,6.304176516942475,0.08615691148989583,0.4738479773082269,6.304176516942475,0.09056671634314792
2025-10-19 13:05:42.890110,ward_0,6.304176516942475,0.08607079764250579,0.4714787374216858,6.304176516942475,0.09047619489507226
2025-10-19 13:05:42.956044,ward_1,6.304176516942475,0.08598476986592056,0.46912134373457737,6.304176516942475,0.09038576392319904
2025-10-19 13:05:43.021978,ward_2,6.304176516942475,0.08589882807411235,0.46677573701590447,6.304176516942475,0.09029542333709728
2025-10-19 13:05:43.087912,ward_0,6.304176516942475,0.08581297218113938,0.46444185833082496,6.304176516942475,0.09020517304642636
2025-10-19 13:05:43.153846,ward_1,6.304176516942475,0.08572720210114576,0.46211964903917085,6.304176516942475,0.09011501296093602
2025-10-19 13:05:43.219780,ward_2,6.304176516942475,0.08564151774836136,0.459809050793975,6.304176516942475,0.09002494299046615
2025-10-19 13:05:43.285714,ward_0,6.304176516942475,0.08555591903710186,0.4575100055400051,6.304176516942475,0.08993496304494678
2025-10-19 13:05:43.351648,ward_1,6.304176516942475,0.08547040588176852,0.45522245551230506,6.304176516942475,0.08984507303439795
2025-10-19 13:05:43.417582,ward_2,6.304176516942475,0.08538497819684818,0.45294634323474353,6.304176516942475,0.08975527286892962
2025-10-19 13:05:43.483516,ward_0,6.304176516942475,0.08529963589691315,0.45068161151856984,6.304176516942475,0.08966556245874166
2025-10-19 13:05:43.549451,ward_1,6.304176516942475,0.08521437889662115,0.44842820346097695,6.304176516942475,0.08957594171412361
2025-10-19 13:05:43.615385,ward_2,6.304176516942475,0.08512920711071512,0.4461860624436721,6.304176516942475,0.08948641054545475
2025-10-19 13:05:43.681319,ward_0,6.304176516942475,0.0850441204540233,0.4439551321314537,6.304176516942475,0.08939696886320389
2025-10-19 13:05:43.747253,ward_1,6.304176516942475,0.08495911884145903,0.4417353564707965,6.304176516942475,0.08930761657792935
2025-10-19 13:05:43.813187,ward_2,6.304176516942475,0.08487420218802068,0.43952667968844245,6.304176516942475,0.08921835360027884
2025-10-19 13:05:43.879121,ward_0,6.304176516942475,0.08478937040879159,0.43732904629000025,6.304176516942475,0.08912917984098934
2025-10-19 13:05:43.945055,ward_1,6.304176516942475,0.08470462341893997,0.43514240105855023,6.304176516942475,0.08904009521088713
2025-10-19 13:05:44.010989,ward_2,6.304176516942475,0.08461996113371884,0.4329666890532575,6.304176516942475,0.08895109962088753
2025-10-19 13:05:44.076923,ward_0,6.304176516942475,0.08453538346846588,0.4308018556079912,6.304176516942475,0.08886219298199499
2025-10-19 13:05:44.142857,ward_1,6.304176516942475,0.08445089033860344,0.42864784632995123,6.304176516942475,0.0887733752053028
2025-10-19 13:05:44.208791,ward_2,6.304176516942475,0.08436648165963838,0.4265046070983015,6.304176516942475,0.08868464620199326
2025-10-19 13:05:44.274725,ward_0,6.304176516942475,0.08428215734716199,0.42437208406280996,6.304176516942475,0.08859600588333728
2025-10-19 13:05:44.340659,ward_1,6.304176516942475,0.08419791731685,0.4222502236424959,6.304176516942475,0.08850745416069458
2025-10-19 13:05:44.406593,ward_2,6.304176516942475,0.08411376148446233,0.42013897252428345,6.304176516942475,0.0884189909455134
2025-10-19 13:05:44.472527,ward_0,6.304176516942475,0.08402968976584314,0.418038277661662,6.304176516942475,0.08833061614933055
2025-10-19 13:05:44.538462,ward_1,6.304176516942475,0.08394570207692074,0.4159480862733537,6.304176516942475,0.08824232968377121
2025-10-19 13:05:44.604396,ward_2,6.304176516942475,0.08386179833370741,0.41386834584198695,6.304176516942475,0.08815413146054889
2025-10-19 13:05:44.670330,ward_0,6.304176516942475,0.0837779784522994,0.41179900411277703,6.304176516942475,0.0880660213914654
2025-10-19 13:05:44.736264,ward_1,6.304176516942475,0.08369424234887682,0.40974000909221314,6.304176516942475,0.08797799938841062
2025-10-19 13:05:44.802198,ward_2,6.304176516942475,0.08361058993970355,0.40769130904675205,6.304176516942475,0.08789006536336258
2025-10-19 13:05:44.868132,ward_0,6.304176516942475,0.0835270211411272,0.4056528525015183,6.304176516942475,0.0878022192283872
2025-10-19 13:05:44.934066,ward_1,6.304176516942475,0.08344353586957896,0.4036245882390107,6.304176516942475,0.08771446089563838
2025-10-19 13:05:45.000000,ward_2,6.304176516942475,0.08336013404157354,0.40160646529781563,6.304176516942475,0.08762679027735777
2025-10-19 13:05:45.065934,ward_0,6.304176516942475,0.0832768155737091,0.3995984329713266,6.304176516942475,0.08753920728587473
2025-10-19 13:05:45.131868,ward_1,6.304176516942475,0.08319358038266718,0.39760044080646995,6.304176516942475,0.08745171183360628
2025-10-19 13:05:45.197802,ward_2,6.304176516942475,0.08311042838521257,0.39561243860243755,6.304176516942475,0.08736430383305695
2025-10-19 13:05:45.263736,ward_0,6.304176516942475,0.08302735949819327,0.3936343764094254,6.304176516942475,0.08727698319681874
2025-10-19 13:05:45.329670,ward_1,6.304176516942475,0.0829443736385404,0.39166620452737827,6.304176516942475,0.087189749837571
2025-10-19 13:05:45.395604,ward_2,6.304176516942475,0.08286147072326806,0.3897078735047414,6.304176516942475,0.08710260366808034
2025-10-19 13:05:45.461538,ward_0,6.304176516942475,0.08277865066947337,0.38775933413721764,6.304176516942475,0.08701554460120063
2025-10-19 13:05:45.527473,ward_1,6.304176516942475,0.08269591339433624,0.38582053746653155,6.304176516942475,0.08692857254987278
2025-10-19 13:05:45.593407,ward_2,6.304176516942475,0.08261325881511938,0.3838914347791989,6.304176516942475,0.08684168742712468
2025-10-19 13:05:45.659341,ward_0,6.304176516942475,0.08253068684916824,0.38197197760530294,6.304176516942475,0.08675488914607127
2025-10-19 13:05:45.725275,ward_1,6.304176516942475,0.08244819741391082,0.3800621177172764,6.304176516942475,0.08666817761991424
2025-10-19 13:05:45.791209,ward_2,6.304176516942475,0.0823657904268577,0.37816180712869,6.304176516942475,0.08658155276194207
2025-10-19 13:05:45.857143,ward_0,6.304176516942475,0.08228346580560185,0.37627099809304654,6.304176516942475,0.08649501448552983
2025-10-19 13:05:45.923077,ward_1,6.304176516942475,0.08220122346781866,0.3743896431025813,6.304176516942475,0.08640856270413934
2025-10-19 13:05:45.989011,ward_2,6.304176516942475,0.0821190633312658,0.37251769488706843,6.304176516942475,0.08632219733131871
2025-10-19 13:05:46.054945,ward_0,6.304176516942475,0.08203698531378312,0.37065510641263305,6.304176516942475,0.08623591828070264
2025-10-19 13:05:46.120879,ward_1,6.304176516942475,0.08195498933329257,0.3688018308805699,6.304176516942475,0.08614972546601202
2025-10-19 13:05:46.186813,ward_2,6.304176516942475,0.0818730753077982,0.36695782172616703,6.304176516942475,0.08606361880105401
2025-10-19 13:05:46.252747,ward_0,6.304176516942475,0.08179124315538594,0.3651230326175362,6.304176516942475,0.08597759819972202
2025-10-19 13:05:46.318681,ward_1,6.304176516942475,0.08170949279422367,0.36329741745444855,6.304176516942475,0.08589166357599538
2025-10-19 13:05:46.384615,ward_2,6.304176516942475,0.08162782414256099,0.3614809303671763,6.304176516942475,0.08580581484393948
2025-10-19 13:05:46.450549,ward_0,6.304176516942475,0.08154623711872927,0.3596735257153404,6.304176516942475,0.08572005191770556
2025-10-19 13:05:46.516484,ward_1,6.304176516942475,0.08146473164114146,0.35787515808676373,6.304176516942475,0.08563437471153071
2025-10-19 13:05:46.582418,ward_2,6.304176516942475,0.08138330762829207,0.35608578229632987,6.304176516942475,0.0855487831397377
2025-10-19 13:05:46.648352,ward_0,6.304176516942475,0.08130196499875711,0.35430535338484825,6.304176516942475,0.08546327711673497
2025-10-19 13:05:46.714286,ward_1,6.304176516942475,0.08122070367119391,0.352533826617924,6.304176516942475,0.08537785655701649
2025-10-19 13:05:46.780220,ward_2,6.304176516942475,0.08113952356434115,0.3507711574848344,6.304176516942475,0.08529252137516165
2025-10-19 13:05:46.846154,ward_0,6.304176516942475,0.08105842459701872,0.3490173016974102,6.304176516942475,0.08520727148583532
2025-10-19 13:05:46.912088,ward_1,6.304176516942475,0.08097740668812764,0.34727221518892315,6.304176516942475,0.08512210680378755
2025-10-19 13:05:46.978022,ward_2,6.304176516942475,0.08089646975664999,0.34553585411297855,6.304176516942475,0.0850370272438537
2025-10-19 13:05:47.043956,ward_0,6.304176516942475,0.08081561372164885,0.34380817484241366,6.304176516942475,0.08495203272095417
2025-10-19 13:05:47.109890,ward_1,6.304176516942475,0.08073483850226815,0.34208913396820156,6.304176516942475,0.08486712315009443
2025-10-19 13:05:47.175824,ward_2,6.304176516942475,0.08065414401773269,0.34037868829836054,6.304176516942475,0.08478229844636495
2025-10-19 13:05:47.241758,ward_0,6.304176516942475,0.08057353018734797,0.33867679485686875,6.304176516942475,0.08469755852494094
2025-10-19 13:05:47.307692,ward_1,6.304176516942475,0.08049299693050016,0.33698341088258443,6.304176516942475,0.08461290330108254
2025-10-19 13:05:47.373626,ward_2,6.304176516942475,0.08041254416665597,0.3352984938281715,6.304176516942475,0.08452833269013448
2025-10-19 13:05:47.439560,ward_0,6.304176516942475,0.08033217181536266,0.33362200135903064,6.304176516942475,0.08444384660752614
2025-10-19 13:05:47.505495,ward_1,6.304176516942475,0.08025187979624786,0.33195389135223546,6.304176516942475,0.08435944496877149
2025-10-19 13:05:47.571429,ward_2,6.304176516942475,0.08017166802901954,0.3302941218954743,6.304176516942475,0.08427512768946879
2025-10-19 13:05:47.637363,ward_0,6.304176516942475,0.08009153643346592,0.3286426512859969,6.304176516942475,0.08419089468530082
2025-10-19 13:05:47.703297,ward_1,6.304176516942475,0.08001148492945542,0.32699943802956694,6.304176516942475,0.08410674587203455
2025-10-19 13:05:47.769231,ward_2,6.304176516942475,0.07993151343693651,0.3253644408394191,6.304176516942475,0.08402268116552117
2025-10-19 13:05:47.835165,ward_0,6.304176516942475,0.07985162187593771,0.323737618635222,6.304176516942475,0.08393870048169597
2025-10-19 13:05:47.901099,ward_1,6.304176516942475,0.07977181016656743,0.3221189305420459,6.304176516942475,0.08385480373657822
2025-10-19 13:05:47.967033,ward_2,6.304176516942475,0.07969207822901397,0.32050833588933564,6.304176516942475,0.08377099084627121
2025-10-19 13:05:48.032967,ward_0,6.304176516942475,0.07961242598354538,0.31890579420988896,6.304176516942475,0.083687261726962
2025-10-19 13:05:48.098901,ward_1,6.304176516942475,0.0795328533505094,0.3173112652388395,6.304176516942475,0.08360361629492152
2025-10-19 13:05:48.164835,ward_2,6.304176516942475,0.07945336025033341,0.3157247089126453,6.304176516942475,0.08352005446650429
2025-10-19 13:05:48.230769,ward_0,6.304176516942475,0.07937394660352427,0.3141460853680821,6.304176516942475,0.08343657615814848
2025-10-19 13:05:48.296703,ward_1,6.304176516942475,0.07929461233066837,0.31257535494124167,6.304176516942475,0.0833531812863758
2025-10-19 13:05:48.362637,ward_2,6.304176516942475,0.0792153573524314,0.3110124781665355,6.304176516942475,0.08326986976779135
2025-10-19 13:05:48.428571,ward_0,6.304176516942475,0.07913618158955839,0.3094574157757028,6.304176516942475,0.0831866415190836
2025-10-19 13:05:48.494505,ward_1,6.304176516942475,0.07905708496287356,0.30791012869682427,6.304176516942475,0.08310349645702429
2025-10-19 13:05:48.560440,ward_2,6.304176516942475,0.07897806739328028,0.30637057805334017,6.304176516942475,0.08302043449846838
2025-10-19 13:05:48.626374,ward_0,6.304176516942475,0.07889912880176098,0.3048387251630735,6.304176516942475,0.08293745556035388
2025-10-19 13:05:48.692308,ward_1,6.304176516942475,0.07882026910937705,0.30331453153725807,6.304176516942475,0.08285455955970185
2025-10-19 13:05:48.758242,ward_2,6.304176516942475,0.0787414882372688,0.3017979588795718,6.304176516942475,0.08277174641361629
2025-10-19 13:05:48.824176,ward_0,6.304176516942475,0.07866278610665535,0.30028896908517394,6.304176516942475,0.08268901603928404
2025-10-19 13:05:48.890110,ward_1,6.304176516942475,0.07858416263883455,0.2987875242397481,6.304176516942475,0.08260636835397472
2025-10-19 13:05:48.956044,ward_2,6.304176516942475,0.07850561775518296,0.2972935866185493,6.304176516942475,0.08252380327504064
2025-10-19 13:05:49.021978,ward_0,6.304176516942475,0.07842715137715565,0.29580711868545656,6.304176516942475,0.0824413207199167
2025-10-19 13:05:49.087912,ward_1,6.304176516942475,0.07834876342628626,0.2943280830920293,6.304176516942475,0.08235892060612034
2025-10-19 13:05:49.153846,ward_2,6.304176516942475,0.07827045382418682,0.29285644267656913,6.304176516942475,0.08227660285125146
2025-10-19 13:05:49.219780,ward_0,6.304176516942475,0.07819222249254773,0.2913921604631863,6.304176516942475,0.08219436737299231
2025-10-19 13:05:49.285714,ward_1,6.304176516942475,0.07811406935313765,0.2899351996608704,6.304176516942475,0.08211221408910738
2025-10-19 13:05:49.351648,ward_2,6.304176516942475,0.07803599432780343,0.288485523662566,6.304176516942475,0.08203014291744337
2025-10-19 13:05:49.417582,ward_0,6.304176516942475,0.07795799733847004,0.2870430960442532,6.304176516942475,0.0819481537759291
2025-10-19 13:05:49.483516,ward_1,6.304176516942475,0.0778800783071405,0.2856078805640319,6.304176516942475,0.08186624658257545
2025-10-19 13:05:49.549451,ward_2,6.304176516942475,0.07780223715589574,0.28417984116121175,6.304176516942475,0.08178442125547519
2025-10-19 13:05:49.615385,ward_0,6.304176516942475,0.07772447380689462,0.2827589419554057,6.304176516942475,0.08170267771280303
2025-10-19 13:05:49.681319,ward_1,6.304176516942475,0.07764678818237379,0.28134514724562865,6.304176516942475,0.08162101587281537
2025-10-19 13:05:49.747253,ward_2,6.304176516942475,0.0775691802046476,0.2799384215094005,6.304176516942475,0.08153943565385038
2025-10-19 13:05:49.813187,ward_0,6.304176516942475,0.0774916497961081,0.27853872940185354,6.304176516942475,0.08145793697432786
2025-10-19 13:05:49.879121,ward_1,6.304176516942475,0.07741419687922485,0.27714603575484426,6.304176516942475,0.0813765197527491
2025-10-19 13:05:49.945055,ward_2,6.304176516942475,0.0773368213765449,0.27576030557607,6.304176516942475,0.08129518390769684
2025-10-19 13:05:50.010989,ward_0,6.304176516942475,0.07725952321069281,0.2743815040481897,6.304176516942475,0.0812139293578353
2025-10-19 13:05:50.076923,ward_1,6.304176516942475,0.07718230230437034,0.2730095965279487,6.304176516942475,0.08113275602190986
2025-10-19 13:05:50.142857,ward_2,6.304176516942475,0.07710515858035663,0.271644548545309,6.304176516942475,0.08105166381874723
2025-10-19 13:05:50.208791,ward_0,6.304176516942475,0.07702809196150792,0.27028632580258244,6.304176516942475,0.08097065266725516
2025-10-19 13:05:50.274725,ward_1,6.304176516942475,0.07695110237075758,0.2689348941735695,6.304176516942475,0.0808897224864225
2025-10-19 13:05:50.340659,ward_2,6.304176516942475,0.07687418973111604,0.2675902197027017,6.304176516942475,0.08080887319531907
2025-10-19 13:05:50.406593,ward_0,6.304176516942475,0.07679735396567061,0.26625226860418816,6.304176516942475,0.08072810471309558
2025-10-19 13:05:50.472527,ward_1,6.304176516942475,0.07672059499758557,0.26492100726116724,6.304176516942475,0.0806474169589835
2025-10-19 13:05:50.538462,ward_2,6.304176516942475,0.07664391275010192,0.26359640222486136,6.304176516942475,0.08056680985229513
2025-10-19 13:05:50.604396,ward_0,6.304176516942475,0.0765673071465374,0.2622784202137371,6.304176516942475,0.0804862833124233
2025-10-19 13:05:50.670330,ward_1,6.304176516942475,0.0764907781102864,0.26096702811266836,6.304176516942475,0.08040583725884151
2025-10-19 13:05:50.736264,ward_2,6.304176516942475,0.0764143255648199,0.259662192972105,6.304176516942475,0.08032547161110369
2025-10-19 13:05:50.802198,ward_0,6.304176516942475,0.07633794943368533,0.2583638820072445,6.304176516942475,0.08024518628884415
2025-10-19 13:05:50.868132,ward_1,6.304176516942475,0.07626164964050654,0.2570720625972083,6.304176516942475,0.08016498121177759
2025-10-19 13:05:50.934066,ward_2,6.304176516942475,0.07618542610898377,0.25578670228422223,6.304176516942475,0.08008485629969893
2025-10-19 13:05:51.000000,ward_0,6.304176516942475,0.07610927876289343,0.2545077687728011,6.304176516942475,0.08000481147248324
2025-10-19 13:05:51.065934,ward_1,6.304176516942475,0.07603320752608822,0.25323522992893716,6.304176516942475,0.07992484665008569
2025-10-19 13:05:51.131868,ward_2,6.304176516942475,0.07595721232249686,0.25196905377929246,6.304176516942475,0.07984496175254145
2025-10-19 13:05:51.197802,ward_0,6.304176516942475,0.07588129307612414,0.25070920851039596,6.304176516942475,0.07976515669996562
2025-10-19 13:05:51.263736,ward_1,6.304176516942475,0.07580544971105084,0.249455662467844,6.304176516942475,0.07968543141255313
2025-10-19 13:05:51.329670,ward_2,6.304176516942475,0.07572968215143355,0.24820838415550478,6.304176516942475,0.0796057858105787
2025-10-19 13:05:51.395604,ward_0,6.304176516942475,0.07565399032150474,0.24696734223472724,6.304176516942475,0.07952621981439671
2025-10-19 13:05:51.461538,ward_1,6.304176516942475,0.07557837414557256,0.2457325055235536,6.304176516942475,0.07944673334444116
2025-10-19 13:05:51.527473,ward_2,6.304176516942475,0.0755028335480208,0.24450384299593586,6.304176516942475,0.07936732632122559
2025-10-19 13:05:51.593407,ward_0,6.304176516942475,0.0754273684533089,0.24328132378095618,6.304176516942475,0.07928799866534293
2025-10-19 13:05:51.659341,ward_1,6.304176516942475,0.07535197878597173,0.2420649171620514,6.304176516942475,0.07920875029746557
2025-10-19 13:05:51.725275,ward_2,6.304176516942475,0.07527666447061963,0.24085459257624112,6.304176516942475,0.07912958113834509
2025-10-19 13:05:51.791209,ward_0,6.304176516942475,0.07520142543193827,0.23965031961335992,6.304176516942475,0.07905049110881235
2025-10-19 13:05:51.857143,ward_1,6.304176516942475,0.0751262615946886,0.23845206801529312,6.304176516942475,0.0789714801297773
2025-10-19 13:05:51.923077,ward_2,6.304176516942475,0.0750511728837068,0.23725980767521665,6.304176516942475,0.07889254812222896
2025-10-19 13:05:51.989011,ward_0,6.304176516942475,0.07497615922390413,0.23607350863684057,6.304176516942475,0.07881369500723533
2025-10-19 13:05:52.054945,ward_1,6.304176516942475,0.07490122054026693,0.23489314109365636,6.304176516942475,0.07873492070594326
2025-10-19 13:05:52.120879,ward_2,6.304176516942475,0.07482635675785652,0.23371867538818808,6.304176516942475,0.07865622513957846
2025-10-19 13:05:52.186813,ward_0,6.304176516942475,0.07475156780180911,0.23255008201124713,6.304176516942475,0.07857760822944536
2025-10-19 13:05:52.252747,ward_1,6.304176516942475,0.07467685359733571,0.2313873316011909,6.304176516942475,0.07849906989692704
2025-10-19 13:05:52.318681,ward_2,6.304176516942475,0.07460221406972216,0.23023039494318495,6.304176516942475,0.07842061006348515
2025-10-19 13:05:52.384615,ward_0,6.304176516942475,0.07452764914432887,0.22907924296846902,6.304176516942475,0.07834222865065986
2025-10-19 13:05:52.450549,ward_1,6.304176516942475,0.07445315874659095,0.22793384675362668,6.304176516942475,0.07826392558006975
2025-10-19 13:05:52.516484,ward_2,6.304176516942475,0.07437874280201796,0.22679417751985856,6.304176516942475,0.07818570077341175
2025-10-19 13:05:52.582418,ward_0,6.304176516942475,0.07430440123619399,0.22566020663225925,6.304176516942475,0.07810755415246103
2025-10-19 13:05:52.648352,ward_1,6.304176516942475,0.07423013397477744,0.22453190559909794,6.304176516942475,0.07802948563907097
2025-10-19 13:05:52.714286,ward_2,6.304176516942475,0.07415594094350106,0.22340924607110246,6.304176516942475,0.07795149515517305
2025-10-19 13:05:52.780220,ward_0,6.304176516942475,0.0740818220681718,0.22229219984074694,6.304176516942475,0.0778735826227768
2025-10-19 13:05:52.846154,ward_1,6.304176516942475,0.07400777727467077,0.2211807388415432,6.304176516942475,0.07779574796396964
2025-10-19 13:05:52.912088,ward_2,6.304176516942475,0.07393380648895319,0.2200748351473355,6.304176516942475,0.07771799110091694
2025-10-19 13:05:52.978022,ward_0,6.304176516942475,0.07385990963704826,0.2189744609715988,6.304176516942475,0.0776403119558618
2025-10-19 13:05:53.043956,ward_1,6.304176516942475,0.07378608664505912,0.21787958866674081,6.304176516942475,0.0775627104511251
2025-10-19 13:05:53.109890,ward_2,6.304176516942475,0.07371233743916278,0.2167901907234071,6.304176516942475,0.07748518650910532
2025-10-19 13:05:53.175824,ward_0,6.304176516942475,0.07363866194561001,0.2157062397697901,6.304176516942475,0.07740774005227849
2025-10-19 13:05:53.241758,ward_1,6.304176516942475,0.07356506009072533,0.21462770857094113,6.304176516942475,0.07733037100319817
2025-10-19 13:05:53.307692,ward_2,6.304176516942475,0.07349153180090688,0.21355457002808642,6.304176516942475,0.07725307928449532
2025-10-19 13:05:53.373626,ward_0,6.304176516942475,0.07341807700262634,0.212486797177946,6.304176516942475,0.07717586481887817
2025-10-19 13:05:53.439560,ward_1,6.304176516942475,0.07334469562242893,0.21142436319205626,6.304176516942475,0.07709872752913227
2025-10-19 13:05:53.505495,ward_2,6.304176516942475,0.07327138758693325,0.21036724137609597,6.304176516942475,0.07702166733812033
2025-10-19 13:05:53.571429,ward_0,6.304176516942475,0.07319815282283126,0.20931540516921548,6.304176516942475,0.07694468416878214
2025-10-19 13:05:53.637363,ward_1,6.304176516942475,0.0731249912568882,0.20826882814336942,6.304176516942475,0.07686777794413452
2025-10-19 13:05:53.703297,ward_2,6.304176516942475,0.0730519028159425,0.20722748400265256,6.304176516942475,0.07679094858727127
2025-10-19 13:05:53.769231,ward_0,6.304176516942475,0.07297888742690568,0.2061913465826393,6.304176516942475,0.076714196021363
2025-10-19 13:05:53.835165,ward_1,6.304176516942475,0.07290594501676238,0.20516038984972612,6.304176516942475,0.07663752016965715
2025-10-19 13:05:53.901099,ward_2,6.304176516942475,0.07283307551257016,0.20413458790047748,6.304176516942475,0.07656092095547784
2025-10-19 13:05:53.967033,ward_0,6.304176516942475,0.07276027884145955,0.20311391496097508,6.304176516942475,0.07648439830222588
2025-10-19 13:05:54.032967,ward_1,6.304176516942475,0.07268755493063382,0.20209834538617022,6.304176516942475,0.07640795213337859
2025-10-19 13:05:54.098901,ward_2,6.304176516942475,0.0726149037073691,0.20108785365923937,6.304176516942475,0.07633158237248981
2025-10-19 13:05:54.164835,ward_0,6.304176516942475,0.07254232509901412,0.20008241439094315,6.304176516942475,0.07625528894318975
2025-10-19 13:05:54.230769,ward_1,6.304176516942475,0.0724698190329903,0.19908200231898845,6.304176516942475,0.076179071769185
2025-10-19 13:05:54.296703,ward_2,6.304176516942475,0.07239738543679153,0.1980865923073935,6.304176516942475,0.07610293077425836
2025-10-19 13:05:54.362637,ward_0,6.304176516942475,0.07232502423798425,0.19709615934585653,6.304176516942475,0.07602686588226884
2025-10-19 13:05:54.428571,ward_1,6.304176516942475,0.07225273536420722,0.19611067854912725,6.304176516942475,0.07595087701715152
2025-10-19 13:05:54.494505,ward_2,6.304176516942475,0.07218051874317159,0.19513012515638162,6.304176516942475,0.07587496410291757
2025-10-19 13:05:54.560440,ward_0,6.304176516942475,0.0721083743026607,0.1941544745305997,6.304176516942475,0.07579912706365403
2025-10-19 13:05:54.626374,ward_1,6.304176516942475,0.07203630197053014,0.1931837021579467,6.304176516942475,0.07572336582352389
2025-10-19 13:05:54.692308,ward_2,6.304176516942475,0.07196430167470755,0.19221778364715697,6.304176516942475,0.07564768030676587
2025-10-19 13:05:54.758242,ward_0,6.304176516942475,0.07189237334319262,0.19125669472892118,6.304176516942475,0.07557207043769446
2025-10-19 13:05:54.824176,ward_1,6.304176516942475,0.07182051690405704,0.19030041125527658,6.304176516942475,0.07549653614069979
2025-10-19 13:05:54.890110,ward_2,6.304176516942475,0.07174873228544433,0.1893489091990002,6.304176516942475,0.07542107734024754
2025-10-19 13:05:54.956044,ward_0,6.304176516942475,0.0716770194155699,0.1884021646530052,6.304176516942475,0.07534569396087894
2025-10-19 13:05:55.021978,ward_1,6.304176516942475,0.07160537822272085,0.18746015382974016,6.304176516942475,0.07527038592721055
2025-10-19 13:05:55.087912,ward_2,6.304176516942475,0.07153380863525599,0.18652285306059146,6.304176516942475,0.07519515316393438
2025-10-19 13:05:55.153846,ward_0,6.304176516942475,0.07146231058160572,0.18559023879528852,6.304176516942475,0.07511999559581763
2025-10-19 13:05:55.219780,ward_1,6.304176516942475,0.071390883990272,0.18466228760131206,6.304176516942475,0.07504491314770273
2025-10-19 13:05:55.285714,ward_2,6.304176516942475,0.07131952878982822,0.1837389761633055,6.304176516942475,0.07496990574450725
2025-10-19 13:05:55.351648,ward_0,6.304176516942475,0.07124824490891918,0.18282028128248898,6.304176516942475,0.07489497331122376
2025-10-19 13:05:55.417582,ward_1,6.304176516942475,0.07117703227626097,0.18190617987607652,6.304176516942475,0.07482011577291982
2025-10-19 13:05:55.483516,ward_2,6.304176516942475,0.07110589082064098,0.18099664897669615,6.304176516942475,0.07474533305473788
2025-10-19 13:05:55.549451,ward_0,6.304176516942475,0.07103482047091773,0.18009166573181265,6.304176516942475,0.07467062508189523
2025-10-19 13:05:55.615385,ward_1,6.304176516942475,0.07096382115602087,0.1791912074031536,6.304176516942475,0.07459599177968389
2025-10-19 13:05:55.681319,ward_2,6.304176516942475,0.07089289280495108,0.17829525136613783,6.304176516942475,0.07452143307347052
2025-10-19 13:05:55.747253,ward_0,6.304176516942475,0.07082203534678,0.17740377510930713,6.304176516942475,0.07444694888869646
2025-10-19 13:05:55.813187,ward_1,6.304176516942475,0.07075124871065018,0.1765167562337606,6.304176516942475,0.07437253915087748
2025-10-19 13:05:55.879121,ward_2,6.304176516942475,0.07068053282577495,0.1756341724525918,6.304176516942475,0.07429820378560385
2025-10-19 13:05:55.945055,ward_0,6.304176516942475,0.07060988762143844,0.17475600159032884,6.304176516942475,0.07422394271854021
2025-10-19 13:05:56.010989,ward_1,6.304176516942475,0.07053931302699544,0.1738822215823772,6.304176516942475,0.07414975587542547
2025-10-19 13:05:56.076923,ward_2,6.304176516942475,0.07046880897187134,0.17301281047446532,6.304176516942475,0.07407564318207277
2025-10-19 13:05:56.142857,ward_0,6.304176516942475,0.0703983753855621,0.172147746422093,6.304176516942475,0.07400160456436942
2025-10-19 13:05:56.208791,ward_1,6.304176516942475,0.0703280121976341,0.1712870076899825,6.304176516942475,0.07392763994827684
2025-10-19 13:05:56.274725,ward_2,6.304176516942475,0.07025771933772416,0.1704305726515326,6.304176516942475,0.07385374925983033
2025-10-19 13:05:56.340659,ward_0,6.304176516942475,0.07018749673553941,0.16957841978827493,6.304176516942475,0.07377993242513925
2025-10-19 13:05:56.406593,ward_1,6.304176516942475,0.07011734432085724,0.16873052768933355,6.304176516942475,0.07370618937038674
2025-10-19 13:05:56.472527,ward_2,6.304176516942475,0.07004726202352524,0.1678868750508869,6.304176516942475,0.07363252002182975
2025-10-19 13:05:56.538462,ward_0,6.304176516942475,0.0699772497734611,0.16704744067563246,6.304176516942475,0.07355892430579891
2025-10-19 13:05:56.604396,ward_1,6.304176516942475,0.06990730750065258,0.1662122034722543,6.304176516942475,0.0734854021486985
2025-10-19 13:05:56.670330,ward_2,6.304176516942475,0.06983743513515736,0.16538114245489302,6.304176516942475,0.07341195347700638
2025-10-19 13:05:56.736264,ward_0,6.304176516942475,0.0697676326071031,0.16455423674261857,6.304176516942475,0.07333857821727384
2025-10-19 13:05:56.802198,ward_1,6.304176516942475,0.06969789984668727,0.16373146555890547,6.304176516942475,0.07326527629612563
2025-10-19 13:05:56.868132,ward_2,6.304176516942475,0.06962823678417711,0.16291280823111093,6.304176516942475,0.07319204764025983
2025-10-19 13:05:56.934066,ward_0,6.304176516942475,0.06955864334990951,0.1620982441899554,6.304176516942475,0.07311889217644776
2025-10-19 13:05:57.000000,ward_1,6.304176516942475,0.06948911947429107,0.1612877529690056,6.304176516942475,0.07304580983153397
2025-10-19 13:05:57.065934,ward_2,6.304176516942475,0.06941966508779789,0.16048131420416056,6.304176516942475,0.0729728005324361
2025-10-19 13:05:57.131868,ward_0,6.304176516942475,0.06935028012097559,0.15967890763313977,6.304176516942475,0.07289986420614483
2025-10-19 13:05:57.197802,ward_1,6.304176516942475,0.06928096450443917,0.15888051309497409,6.304176516942475,0.07282700077972384
2025-10-19 13:05:57.263736,ward_2,6.304176516942475,0.06921171816887305,0.1580861105294992,6.304176516942475,0.07275421018030971
2025-10-19 13:05:57.329670,ward_0,6.304176516942475,0.06914254104503086,0.1572956799768517,6.304176516942475,0.07268149233511183
2025-10-19 13:05:57.395604,ward_1,6.304176516942475,0.06907343306373546,0.15650920157696743,6.304176516942475,0.07260884717141232
2025-10-19 13:05:57.461538,ward_2,6.304176516942475,0.0690043941558789,0.1557266555690826,6.304176516942475,0.07253627461656605
2025-10-19 13:05:57.527473,ward_0,6.304176516942475,0.06893542425242224,0.1549480222912372,6.304176516942475,0.07246377459800044
2025-10-19 13:05:57.593407,ward_1,6.304176516942475,0.06886652328439558,0.15417328217978102,6.304176516942475,0.07239134704321545
2025-10-19 13:05:57.659341,ward_2,6.304176516942475,0.06879769118289795,0.1534024157688821,6.304176516942475,0.07231899187978355
2025-10-19 13:05:57.725275,ward_0,6.304176516942475,0.06872892787909722,0.1526354036900377,6.304176516942475,0.07224670903534956
2025-10-19 13:05:57.791209,ward_1,6.304176516942475,0.0686602333042301,0.1518722266715875,6.304176516942475,0.07217449843763062
2025-10-19 13:05:57.857143,ward_2,6.304176516942475,0.06859160738960202,0.15111286553822956,6.304176516942475,0.07210236001441613
2025-10-19 13:05:57.923077,ward_0,6.304176516942475,0.06852305006658703,0.15035730121053842,6.304176516942475,0.07203029369356767
2025-10-19 13:05:57.989011,ward_1,6.304176516942475,0.06845456126662783,0.14960551470448571,6.304176516942475,0.0719582994030189
2025-10-19 13:05:58.054945,ward_2,6.304176516942475,0.06838614092123559,0.14885748713096328,6.304176516942475,0.07188637707077553
2025-10-19 13:05:58.120879,ward_0,6.304176516942475,0.06831778896198996,0.14811319969530848,6.304176516942475,0.07181452662491522
2025-10-19 13:05:58.186813,ward_1,6.304176516942475,0.06824950532053901,0.14737263369683193,6.304176516942475,0.07174274799358751
2025-10-19 13:05:58.252747,ward_2,6.304176516942475,0.06818128992859905,0.14663577052834778,6.304176516942475,0.0716710411050138
2025-10-19 13:05:58.318681,ward_0,6.304176516942475,0.06811314271795471,0.14590259167570604,6.304176516942475,0.07159940588748713
2025-10-19 13:05:58.384615,ward_1,6.304176516942475,0.06804506362045877,0.14517307871732751,6.304176516942475,0.07152784226937234
2025-10-19 13:05:58.450549,ward_2,6.304176516942475,0.0679770525680321,0.14444721332374086,6.304176516942475,0.07145635017910579
2025-10-19 13:05:58.516484,ward_0,6.304176516942475,0.06790910949266368,0.14372497725712216,6.304176516942475,0.07138492954519535
2025-10-19 13:05:58.582418,ward_1,6.304176516942475,0.06784123432641041,0.14300635237083656,6.304176516942475,0.07131358029622041
2025-10-19 13:05:58.648352,ward_2,6.304176516942475,0.06777342700139712,0.14229132060898236,6.304176516942475,0.07124230236083172
2025-10-19 13:05:58.714286,ward_0,6.304176516942475,0.06770568744981646,0.14157986400593744,6.304176516942475,0.07117109566775132
2025-10-19 13:05:58.780220,ward_1,6.304176516942475,0.06763801560392892,0.14087196468590776,6.304176516942475,0.07109996014577251
2025-10-19 13:05:58.846154,ward_2,6.304176516942475,0.06757041139606261,0.14016760486247823,6.304176516942475,0.07102889572375978
2025-10-19 13:05:58.912088,ward_0,6.304176516942475,0.06750287475861332,0.13946676683816583,6.304176516942475,0.07095790233064869
2025-10-19 13:05:58.978022,ward_1,6.304176516942475,0.06743540562404442,0.138769433003975,6.304176516942475,0.07088697989544585
2025-10-19 13:05:59.043956,ward_2,6.304176516942475,0.06736800392488677,0.13807558583895513,6.304176516942475,0.07081612834722881
2025-10-19 13:05:59.109890,ward_0,6.304176516942475,0.06730066959373864,0.13738520790976036,6.304176516942475,0.070745347615146
2025-10-19 13:05:59.175824,ward_1,6.304176516942475,0.06723340256326572,0.13669828187021155,6.304176516942475,0.07067463762841672
2025-10-19 13:05:59.241758,ward_2,6.304176516942475,0.06716620276620099,0.13601479046086049,6.304176516942475,0.07060399831633096
2025-10-19 13:05:59.307692,ward_0,6.304176516942475,0.0670990701353446,0.1353347165085562,6.304176516942475,0.07053342960824939
2025-10-19 13:05:59.373626,ward_1,6.304176516942475,0.06703200460356394,0.1346580429260134,6.304176516942475,0.07046293143360331
2025-10-19 13:05:59.439560,ward_2,6.304176516942475,0.06696500610379345,0.13398475271138333,6.304176516942475,0.07039250372189454
2025-10-19 13:05:59.505495,ward_0,6.304176516942475,0.06689807456903467,0.13331482894782642,6.304176516942475,0.07032214640269535
2025-10-19 13:05:59.571429,ward_1,6.304176516942475,0.06683120993235603,0.13264825480308728,6.304176516942475,0.07025185940564845
2025-10-19 13:05:59.637363,ward_2,6.304176516942475,0.0667644121268929,0.13198501352907185,6.304176516942475,0.07018164266046678
2025-10-19 13:05:59.703297,ward_0,6.304176516942475,0.06669768108584744,0.1313250884614265,6.304176516942475,0.07011149609693362
2025-10-19 13:05:59.769231,ward_1,6.304176516942475,0.06663101674248864,0.13066846301911936,6.304176516942475,0.07004141964490242
2025-10-19 13:05:59.835165,ward_2,6.304176516942475,0.06656441903015213,0.13001512070402377,6.304176516942475,0.06997141323429668
2025-10-19 13:05:59.901099,ward_0,6.304176516942475,0.06649788788224019,0.12936504510050365,6.304176516942475,0.06990147679511001
2025-10-19 13:05:59.967033,ward_1,6.304176516942475,0.06643142323222168,0.12871821987500112,6.304176516942475,0.06983161025740596
2025-10-19 13:06:00.032967,ward_2,6.304176516942475,0.06636502501363194,0.12807462877562611,6.304176516942475,0.069761813551318
2025-10-19 13:06:00.098901,ward_0,6.304176516942475,0.06629869316007274,0.12743425563174798,6.304176516942475,0.06969208660704938
2025-10-19 13:06:00.164835,ward_1,6.304176516942475,0.06623242760521224,0.12679708435358925,6.304176516942475,0.0696224293548732
2025-10-19 13:06:00.230769,ward_2,6.304176516942475,0.06616622828278483,0.1261630989318213,6.304176516942475,0.06955284172513215
2025-10-19 13:06:00.296703,ward_0,6.304176516942475,0.06610009512659125,0.1255322834371622,6.304176516942475,0.06948332364823866
2025-10-19 13:06:00.362637,ward_1,6.304176516942475,0.06603402807049828,0.12490462201997637,6.304176516942475,0.06941387505467458
2025-10-19 13:06:00.428571,ward_2,6.304176516942475,0.0659680270484389,0.1242800989098765,6.304176516942475,0.06934449587499134
2025-10-19 13:06:00.494505,ward_0,6.304176516942475,0.06590209199441208,0.12365869841532712,6.304176516942475,0.06927518603980977
2025-10-19 13:06:00.560440,ward_1,6.304176516942475,0.06583622284248272,0.12304040492325048,6.304176516942475,0.06920594547982
2025-10-19 13:06:00.626374,ward_2,6.304176516942475,0.0657704195267817,0.12242520289863422,6.304176516942475,0.06913677412578147
2025-10-19 13:06:00.692308,ward_0,6.304176516942475,0.06570468198150568,0.12181307688414106,6.304176516942475,0.06906767190852284
2025-10-19 13:06:00.758242,ward_1,6.304176516942475,0.06563901014091712,0.12120401149972035,6.304176516942475,0.06899863875894187
2025-10-19 13:06:00.824176,ward_2,6.304176516942475,0.06557340393934417,0.12059799144222175,6.304176516942475,0.06892967460800542
2025-10-19 13:06:00.890110,ward_0,6.304176516942475,0.06550786331118062,0.11999500148501063,6.304176516942475,0.0688607793867493
2025-10-19 13:06:00.956044,ward_1,6.304176516942475,0.06544238819088587,0.11939502647758558,6.304176516942475,0.0687919530262783
2025-10-19 13:06:01.021978,ward_2,6.304176516942475,0.06537697851298473,0.11879805134519765,6.304176516942475,0.06872319545776609
2025-10-19 13:06:01.087912,ward_0,6.304176516942475,0.06531163421206757,0.11820406108847166,6.304176516942475,0.06865450661245505
2025-10-19 13:06:01.153846,ward_1,6.304176516942475,0.06524635522279004,0.11761304078302931,6.304176516942475,0.06858588642165635
2025-10-19 13:06:01.219780,ward_2,6.304176516942475,0.0651811414798732,0.11702497557911416,6.304176516942475,0.06851733481674978
2025-10-19 13:06:01.285714,ward_0,6.304176516942475,0.06511599291810326,0.11643985070121858,6.304176516942475,0.06844885172918373
2025-10-19 13:06:01.351648,ward_1,6.304176516942475,0.06505090947233165,0.1158576514477125,6.304176516942475,0.06838043709047512
2025-10-19 13:06:01.417582,ward_2,6.304176516942475,0.06498589107747496,0.11527836319047394,6.304176516942475,0.0683120908322093
2025-10-19 13:06:01.483516,ward_0,6.304176516942475,0.06492093766851474,0.11470197137452157,6.304176516942475,0.06824381288604
2025-10-19 13:06:01.549451,ward_1,6.304176516942475,0.06485604918049762,0.11412846151764895,6.304176516942475,0.06817560318368927
2025-10-19 13:06:01.615385,ward_2,6.304176516942475,0.06479122554853506,0.11355781921006071,6.304176516942475,0.06810746165694742
2025-10-19 13:06:01.681319,ward_0,6.304176516942475,0.06472646670780347,0.1129900301140104,6.304176516942475,0.0680393882376729
2025-10-19 13:06:01.747253,ward_1,6.304176516942475,0.06466177259354397,0.11242507996344035,6.304176516942475,0.06797138285779228
2025-10-19 13:06:01.813187,ward_2,6.304176516942475,0.06459714314106245,0.11186295456362315,6.304176516942475,0.06790344544930019
2025-10-19 13:06:01.879121,ward_0,6.304176516942475,0.06453257828572946,0.11130363979080503,6.304176516942475,0.0678355759442592
2025-10-19 13:06:01.945055,ward_1,6.304176516942475,0.06446807796298014,0.110747121591851,6.304176516942475,0.0677677742747998
2025-10-19 13:06:02.010989,ward_2,6.304176516942475,0.06440364210831415,0.11019338598389175,6.304176516942475,0.06770004037312033
2025-10-19 13:06:02.076923,ward_0,6.304176516942475,0.06433927065729562,0.10964241905397229,6.304176516942475,0.06763237417148689
2025-10-19 13:06:02.142857,ward_1,6.304176516942475,0.06427496354555312,0.10909420695870244,6.304176516942475,0.06756477560223324
2025-10-19 13:06:02.208791,ward_2,6.304176516942475,0.06421072070877952,0.10854873592390892,6.304176516942475,0.06749724459776081
2025-10-19 13:06:02.274725,ward_0,6.304176516942475,0.06414654208273199,0.10800599224428938,6.304176516942475,0.06742978109053864
2025-10-19 13:06:02.340659,ward_1,6.304176516942475,0.06408242760323188,0.10746596228306793,6.304176516942475,0.06736238501310315
2025-10-19 13:06:02.406593,ward_2,6.304176516942475,0.06401837720616471,0.10692863247165259,6.304176516942475,0.0672950562980583
2025-10-19 13:06:02.472527,ward_0,6.304176516942475,0.0639543908274801,0.10639398930929432,6.304176516942475,0.06722779487807534
2025-10-19 13:06:02.538462,ward_1,6.304176516942475,0.06389046840319162,0.10586201936274785,6.304176516942475,0.06716060068589287
2025-10-19 13:06:02.604396,ward_2,6.304176516942475,0.06382660986937688,0.1053327092659341,6.304176516942475,0.06709347365431668
2025-10-19 13:06:02.670330,ward_0,6.304176516942475,0.06376281516217734,0.10480604571960443,6.304176516942475,0.06702641371621976
2025-10-19 13:06:02.736264,ward_1,6.304176516942475,0.06369908421779825,0.10428201549100642,6.304176516942475,0.06695942080454212
2025-10-19 13:06:02.802198,ward_2,6.304176516942475,0.06363541697250871,0.10376060541355138,6.304176516942475,0.06689249485229086
2025-10-19 13:06:02.868132,ward_0,6.304176516942475,0.06357181336264144,0.10324180238648363,6.304176516942475,0.06682563579254003
2025-10-19 13:06:02.934066,ward_1,6.304176516942475,0.06350827332459281,0.10272559337455121,6.304176516942475,0.06675884355843056
2025-10-19 13:06:03.000000,ward_2,2.672010688042752,0.06344479679482283,0.10221196540767845,6.267854858653478,0.06669211808317023
2025-10-19 13:06:03.065934,ward_0,2.672010688042752,0.0633813837098549,0.10170090558064006,6.23153320036448,0.06662545930003352
2025-10-19 13:06:03.131868,ward_1,2.672010688042752,0.06331803400627599,0.10119240105273686,6.195211542075483,0.06655886714236167
2025-10-19 13:06:03.197802,ward_2,2.672010688042752,0.06325474762073634,0.10068643904747317,6.158889883786486,0.06649234154356251
2025-10-19 13:06:03.263736,ward_0,2.672010688042752,0.0631915244899496,0.1001830068522358,6.122568225497489,0.06642588243711044
2025-10-19 13:06:03.329670,ward_1,2.672010688042752,0.0631283645506926,0.09968209181797463,6.086246567208491,0.06635948975654632
2025-10-19 13:06:03.395604,ward_2,2.672010688042752,0.06306526773980542,0.09918368135888475,6.049924908919494,0.06629316343547752
2025-10-19 13:06:03.461538,ward_0,2.672010688042752,0.06300223399419123,0.09868776295209034,6.013603250630497,0.06622690340757766
2025-10-19 13:06:03.527473,ward_1,2.672010688042752,0.0629392632508163,0.09819432413732988,5.9772815923415,0.06616070960658671
2025-10-19 13:06:03.593407,ward_2,2.672010688042752,0.06287635544670984,0.09770335251664322,5.9409599340525014,0.0660945819663109
2025-10-19 13:06:03.659341,ward_0,2.672010688042752,0.06281351051896408,0.09721483575406001,5.904638275763505,0.06602852042062256
2025-10-19 13:06:03.725275,ward_1,2.672010688042752,0.06275072840473407,0.09672876157528972,5.868316617474508,0.06596252490346015
2025-10-19 13:06:03.791209,ward_2,2.672010688042752,0.06268800904123771,0.09624511776741326,5.8319949591855105,0.06589659534882814
2025-10-19 13:06:03.857143,ward_0,2.672010688042752,0.0626253523657556,0.0957638921785762,5.795673300896514,0.06583073169079695
2025-10-19 13:06:03.923077,ward_1,2.672010688042752,0.06256275831563107,0.09528507271768331,5.759351642607515,0.06576493386350296
2025-10-19 13:06:03.989011,ward_2,2.672010688042752,0.06250022682827008,0.0948086473540949,5.723029984318519,0.06569920180114831
2025-10-19 13:06:04.054945,ward_0,2.672010688042752,0.06243775784114113,0.09433460411732442,5.686708326029521,0.06563353543800093
2025-10-19 13:06:04.120879,ward_1,2.672010688042752,0.06237535129177522,0.0938629310967378,5.650386667740524,0.06556793470839446
2025-10-19 13:06:04.186813,ward_2,2.672010688042752,0.06231300711776579,0.09339361644125412,5.614065009451528,0.06550239954672817
2025-10-19 13:06:04.252747,ward_0,2.672010688042752,0.06225072525676868,0.09292664835904783,5.57774335116253,0.06543692988746687
2025-10-19 13:06:04.318681,ward_1,2.672010688042752,0.06218850564650202,0.0924620151172526,5.541421692873533,0.06537152566514091
2025-10-19 13:06:04.384615,ward_2,2.672010688042752,0.06212634822474618,0.09199970504166634,5.505100034584537,0.06530618681434608
2025-10-19 13:06:04.450549,ward_0,2.672010688042752,0.062064252929343734,0.091539706516458,5.468778376295538,0.06524091326974349
2025-10-19 13:06:04.516484,ward_1,2.672010688042752,0.062002219698199405,0.09108200798387571,5.4324567180065415,0.06517570496605962
2025-10-19 13:06:04.582418,ward_2,2.672010688042752,0.061940248469279924,0.09062659794395633,5.396135059717544,0.06511056183808614
2025-10-19 13:06:04.648352,ward_0,2.672010688042752,0.061878339180614084,0.09017346495423655,5.359813401428547,0.06504548382067993
2025-10-19 13:06:04.714286,ward_1,2.672010688042752,0.06181649177029258,0.08972259762946537,5.323491743139549,0.06498047084876295
2025-10-19 13:06:04.780220,ward_2,2.672010688042752,0.061754706176468,0.08927398464131804,5.287170084850552,0.06491552285732224
2025-10-19 13:06:04.846154,ward_0,2.672010688042752,0.06169298233735474,0.08882761471811144,5.250848426561555,0.0648506397814098
2025-10-19 13:06:04.912088,ward_1,2.672010688042752,0.06163132019122897,0.0883834766445209,5.214526768272558,0.06478582155614254
2025-10-19 13:06:04.978022,ward_2,2.672010688042752,0.06156971967642852,0.08794155926129829,5.178205109983561,0.06472106811670225
2025-10-19 13:06:05.043956,ward_0,2.672010688042752,0.06150818073135287,0.0875018514649918,5.141883451694564,0.06465637939833545
2025-10-19 13:06:05.109890,ward_1,2.672010688042752,0.061446703294463084,0.08706434220766683,5.105561793405566,0.06459175533635345
2025-10-19 13:06:05.175824,ward_2,2.672010688042752,0.061385287304281715,0.0866290204966285,5.069240135116569,0.06452719586613216
2025-10-19 13:06:05.241758,ward_0,2.672010688042752,0.06132393269939275,0.08619587539414536,5.032918476827572,0.0644627009231121
2025-10-19 13:06:05.307692,ward_1,2.672010688042752,0.061262639418441615,0.08576489601717463,4.996596818538575,0.06439827044279836
2025-10-19 13:06:05.373626,ward_2,2.672010688042752,0.061201407400134994,0.08533607153708876,4.960275160249577,0.06433390436076043
2025-10-19 13:06:05.439560,ward_0,2.672010688042752,0.06114023658324087,0.08490939117940331,4.92395350196058,0.0642696026126322
2025-10-19 13:06:05.505495,ward_1,2.672010688042752,0.06107912690658843,0.0844848442235063,4.887631843671582,0.06420536513411196
2025-10-19 13:06:05.571429,ward_2,2.672010688042752,0.06101807830906798,0.08406242000238877,4.8513101853825855,0.06414119186096219
2025-10-19 13:06:05.637363,ward_0,2.672010688042752,0.06095709072963093,0.08364210790237682,4.814988527093588,0.06407708272900964
2025-10-19 13:06:05.703297,ward_1,2.672010688042752,0.06089616410728969,0.08322389736286494,4.778666868804591,0.06401303767414515
2025-10-19 13:06:05.769231,ward_2,2.672010688042752,0.06083529838111763,0.0828077778760506,4.742345210515594,0.06394905663232367
2025-10-19 13:06:05.835165,ward_0,2.672010688042752,0.06077449349024902,0.08239373898667036,4.706023552226596,0.06388513953956415
2025-10-19 13:06:05.901099,ward_1,2.672010688042752,0.06071374937387897,0.081981770291737,4.669701893937599,0.0638212863319495
2025-10-19 13:06:05.967033,ward_2,2.672010688042752,0.06065306597126335,0.08157186144027832,4.633380235648603,0.06375749694562649
2025-10-19 13:06:06.032967,ward_0,2.672010688042752,0.06059244322171875,0.08116400213307692,4.597058577359605,0.06369377131680574
2025-10-19 13:06:06.098901,ward_1,2.672010688042752,0.06053188106462243,0.08075818212241154,4.5607369190706075,0.06363010938176161
2025-10-19 13:06:06.164835,ward_2,2.672010688042752,0.060471379439412214,0.08035439121179949,4.524415260781611,0.06356651107683217
2025-10-19 13:06:06.230769,ward_0,2.672010688042752,0.06041093828558647,0.07995261925574049,4.488093602492613,0.06350297633841911
2025-10-19 13:06:06.296703,ward_1,2.672010688042752,0.060350557542704054,0.07955285615946178,4.4517719442036165,0.06343950510298767
2025-10-19 13:06:06.362637,ward_2,2.672010688042752,0.06029023715038421,0.07915509187866447,4.415450285914619,0.06337609730706664
2025-10-19 13:06:06.428571,ward_0,2.672010688042752,0.06022997704830654,0.07875931641927116,4.379128627625621,0.06331275288724818
2025-10-19 13:06:06.494505,ward_1,2.672010688042752,0.06016977717621094,0.0783655198371748,4.342806969336624,0.06324947178018789
2025-10-19 13:06:06.560440,ward_2,2.672010688042752,0.060109637473897526,0.07797369223798892,4.306485311047627,0.06318625392260464
2025-10-19 13:06:06.626374,ward_0,2.672010688042752,0.060049557881226595,0.07758382377679898,4.2701636527586295,0.06312309925128058
2025-10-19 13:06:06.692308,ward_1,2.672010688042752,0.059989538338118556,0.07719590465791498,4.233841994469633,0.06306000770306104
2025-10-19 13:06:06.758242,ward_2,2.672010688042752,0.05992957878455384,0.07680992513462541,4.197520336180635,0.06299697921485446
2025-10-19 13:06:06.824176,ward_0,2.672010688042752,0.059869679160572925,0.07642587550895227,4.1611986778916386,0.06293401372363235
2025-10-19 13:06:06.890110,ward_1,2.672010688042752,0.059809839406276134,0.07604374613140752,4.124877019602641,0.0628711111664292
2025-10-19 13:06:06.956044,ward_2,2.672010688042752,0.05975005946182375,0.07566352740075048,4.088555361313643,0.06280827148034245
2025-10-19 13:06:07.021978,ward_0,2.672010688042752,0.059690339267435805,0.07528520976374672,4.052233703024647,0.06274549460253243
2025-10-19 13:06:07.087912,ward_1,2.672010688042752,0.0596306787633921,0.074908783714928,4.015912044735649,0.06268278047022222
2025-10-19 13:06:07.153846,ward_2,2.672010688042752,0.059571077890032124,0.07453423979635335,3.979590386446652,0.06262012902069772
2025-10-19 13:06:07.219780,ward_0,2.672010688042752,0.059511536587755015,0.07416156859737158,3.9432687281576544,0.06255754019130745
2025-10-19 13:06:07.285714,ward_1,2.672010688042752,0.05945205479701944,0.07379076075438473,3.9069470698686577,0.06249501391946258
2025-10-19 13:06:07.351648,ward_2,2.672010688042752,0.059392632458343614,0.0734218069506128,3.8706254115796606,0.06243255014263685
2025-10-19 13:06:07.417582,ward_0,2.672010688042752,0.0593332695123052,0.07305469791585974,3.8343037532906634,0.06237014879836646
2025-10-19 13:06:07.483516,ward_1,2.672010688042752,0.05927396589954125,0.07268942442628044,3.797982095001666,0.06230780982425006
2025-10-19 13:06:07.549451,ward_2,2.672010688042752,0.05921472156074813,0.07232597730414904,3.7616604367126687,0.06224553315794869
2025-10-19 13:06:07.615385,ward_0,2.672010688042752,0.05915553643668151,0.07196434741762829,3.725338778423671,0.06218331873718566
2025-10-19 13:06:07.681319,ward_1,2.672010688042752,0.05909641046815626,0.07160452568054015,3.6890171201346744,0.062121166499746534
2025-10-19 13:06:07.747253,ward_2,2.672010688042752,0.05903734359604639,0.07124650305213745,3.652695461845677,0.0620590763834791
2025-10-19 13:06:07.813187,ward_0,2.672010688042752,0.05897833576128504,0.07089027053687676,3.6163738035566797,0.06199704832629323
2025-10-19 13:06:07.879121,ward_1,2.672010688042752,0.05891938690486437,0.07053581918419238,3.580052145267682,0.06193508226616084
2025-10-19 13:06:07.945055,ward_2,2.672010688042752,0.05886049696783552,0.07018314008827141,3.543730486978685,0.06187317814111587
2025-10-19 13:06:08.010989,ward_0,2.672010688042752,0.058801665891308544,0.06983222438783006,3.5074088286896883,0.061811335889254214
2025-10-19 13:06:08.076923,ward_1,2.672010688042752,0.058742893616452345,0.0694830632658909,3.471087170400691,0.06174955544873359
2025-10-19 13:06:08.142857,ward_2,2.672010688042752,0.058684180084494664,0.06913564794956145,3.434765512111694,0.061687836757773555
2025-10-19 13:06:08.208791,ward_0,2.672010688042752,0.058625525236721966,0.06878996970981364,3.3984438538226964,0.061626179754655425
2025-10-19 13:06:08.274725,ward_1,2.672010688042752,0.05856692901447938,0.06844601986126457,3.3621221955336993,0.061564584377722185
2025-10-19 13:06:08.340659,ward_2,2.672010688042752,0.058508391359170686,0.06810378976195826,3.3258005372447017,0.06150305056537845
2025-10-19 13:06:08.406593,ward_0,2.672010688042752,0.05844991221225824,0.06776327081314847,3.289478878955705,0.0614415782560904
2025-10-19 13:06:08.472527,ward_1,2.672010688042752,0.05839149151526288,0.06742445445908272,3.2531572206667074,0.06138016738838575
2025-10-19 13:06:08.538462,ward_2,2.672010688042752,0.058333129209763884,0.06708733218678731,3.2168355623777103,0.06131881790085358
2025-10-19 13:06:08.604396,ward_0,2.672010688042752,0.058274825237398964,0.06675189552585337,3.1805139040887127,0.061257529732144426
2025-10-19 13:06:08.670330,ward_1,2.672010688042752,0.058216579539864144,0.06641813604822411,3.1441922457997156,0.061196302820970105
2025-10-19 13:06:08.736264,ward_2,2.672010688042752,0.05815839205891371,0.06608604536798299,3.107870587510719,0.061135137106103715
2025-10-19 13:06:08.802198,ward_0,2.672010688042752,0.05810026273636019,0.06575561514114306,3.0715489292217217,0.06107403252637953
2025-10-19 13:06:08.868132,ward_1,2.672010688042752,0.05804219151407424,0.06542683706543735,3.035227270932724,0.061012989020692944
2025-10-19 13:06:08.934066,ward_2,2.672010688042752,0.05798417833398464,0.06509970288011016,2.998905612643727,0.06095200652800047
2025-10-19 13:06:09.000000,ward_0,2.672010688042752,0.05792622313807821,0.06477420436570962,2.9625839543547294,0.06089108498731961
2025-10-19 13:06:09.065934,ward_1,2.672010688042752,0.05786832586839974,0.06445033334388106,2.9262622960657323,0.06083022433772881
2025-10-19 13:06:09.131868,ward_2,2.672010688042752,0.05781048646705196,0.06412808167716166,2.8899406377767356,0.060769424518367414
2025-10-19 13:06:09.197802,ward_0,2.672010688042752,0.05775270487619547,0.06380744126877586,2.853618979487738,0.060708685468435594
2025-10-19 13:06:09.263736,ward_1,2.672010688042752,0.05769498103804867,0.06348840406243197,2.817297321198741,0.06064800712719431
2025-10-19 13:06:09.329670,ward_2,2.672010688042752,0.057637314894887715,0.0631709620421198,2.7809756629097433,0.0605873894339652
2025-10-19 13:06:09.395604,ward_0,2.672010688042752,0.05757970638904645,0.06285510723190921,2.744654004620746,0.06052683232813058
2025-10-19 13:06:09.461538,ward_1,2.672010688042752,0.057522155462916384,0.06254083169574966,2.7083323463317495,0.060466335749133335
2025-10-19 13:06:09.527473,ward_2,2.672010688042752,0.05746466205894657,0.062228127537270916,2.672010688042752,0.06040589963647688
2025-10-19 13:06:09.593407,ward_0,2.672010688042752,0.0574072261196436,0.06191698689958456,2.672010688042752,0.06034552392972507
2025-10-19 13:06:09.659341,ward_1,2.672010688042752,0.057349847587571536,0.061607401965086635,2.672010688042752,0.06028520856850224
2025-10-19 13:06:09.725275,ward_2,2.672010688042752,0.057292526405351846,0.061299364955261205,2.672010688042752,0.060224953492492996
2025-10-19 13:06:09.791209,ward_0,2.672010688042752,0.05723526251566333,0.0609928681304849,2.672010688042752,0.06016475864144227
2025-10-19 13:06:09.857143,ward_1,2.672010688042752,0.0571780558612421,0.06068790378983247,2.672010688042752,0.060104623955155194
2025-10-19 13:06:09.923077,ward_2,2.672010688042752,0.05712090638488149,0.06038446427088331,2.672010688042752,0.06004454937349708
2025-10-19 13:06:09.989011,ward_0,2.672010688042752,0.05706381402943203,0.060082541949528896,2.672010688042752,0.05998453483639334
2025-10-19 13:06:10.054945,ward_1,2.672010688042752,0.05700677873780135,0.05978212923978125,2.672010688042752,0.05992458028382945
2025-10-19 13:06:10.120879,ward_2,2.672010688042752,0.05694980045295417,0.05948321859358234,2.672010688042752,0.05986468565585083
2025-10-19 13:06:10.186813,ward_0,2.672010688042752,0.05689287911791218,0.05918580250061443,2.672010688042752,0.05980485089256286
2025-10-19 13:06:10.252747,ward_1,2.672010688042752,0.056836014675754054,0.05888987348811136,2.672010688042752,0.05974507593413076
2025-10-19 13:06:10.318681,ward_2,2.672010688042752,0.05677920706961534,0.0585954241206708,2.672010688042752,0.059685360720779575
2025-10-19 13:06:10.384615,ward_0,2.672010688042752,0.056722456242688415,0.058302447000067446,2.672010688042752,0.05962570519279407
2025-10-19 13:06:10.450549,ward_1,2.672010688042752,0.05666576213822247,0.05801093476506711,2.672010688042752,0.05956610929051874
2025-10-19 13:06:10.516484,ward_2,2.672010688042752,0.05660912469952339,0.05772088009124177,2.672010688042752,0.05950657295435766
2025-10-19 13:06:10.582418,ward_0,2.672010688042752,0.05655254386995371,0.057432275690785566,2.672010688042752,0.059447096124774494
2025-10-19 13:06:10.648352,ward_1,2.672010688042752,0.05649601959293263,0.05714511431233164,2.672010688042752,0.059387678742292414
2025-10-19 13:06:10.714286,ward_2,2.672010688042752,0.05643955181193584,0.05685938874076998,2.672010688042752,0.059328320747494015
2025-10-19 13:06:10.780220,ward_0,2.672010688042752,0.05638314047049558,0.05657509179706613,2.672010688042752,0.05926902208102132
2025-10-19 13:06:10.846154,ward_1,2.672010688042752,0.056326785512200474,0.0562922163380808,2.672010688042752,0.059209782683575636
2025-10-19 13:06:10.912088,ward_2,2.672010688042752,0.056270486880695574,0.05601075525639039,2.672010688042752,0.059150602495917574
2025-10-19 13:06:10.978022,ward_0,2.672010688042752,0.056214244519682245,0.05573070148010844,2.672010688042752,0.05909148145886694
2025-10-19 13:06:11.043956,ward_1,2.672010688042752,0.05615805837291813,0.0554520479727079,2.672010688042752,0.05903241951330268
2025-10-19 13:06:11.109890,ward_2,2.672010688042752,0.05610192838421706,0.05517478773284436,2.672010688042752,0.05897341660016286
2025-10-19 13:06:11.175824,ward_0,2.672010688042752,0.056045854497449046,0.05489891379418014,2.672010688042752,0.058914472660444556
2025-10-19 13:06:11.241758,ward_1,2.672010688042752,0.055989836656540205,0.054624419225209234,2.672010688042752,0.05885558763520381
2025-10-19 13:06:11.307692,ward_2,2.672010688042752,0.05593387480547268,0.05435129712908319,2.672010688042752,0.05879676146555561
2025-10-19 13:06:11.373626,ward_0,2.672010688042752,0.05587796888828464,0.05407954064343777,2.672010688042752,0.05873799409267377
2025-10-19 13:06:11.439560,ward_1,2.672010688042752,0.055822118849070124,0.053809142940220586,2.672010688042752,0.05867928545779092
2025-10-19 13:06:11.505495,ward_2,2.672010688042752,0.05576632463197913,0.05354009722551948,2.672010688042752,0.05862063550219843
2025-10-19 13:06:11.571429,ward_0,2.672010688042752,0.055710586181217395,0.05327239673939188,2.672010688042752,0.05856204416724633
2025-10-19 13:06:11.637363,ward_1,2.672010688042752,0.05565490344104649,0.053006034755694924,2.672010688042752,0.058503511394343254
2025-10-19 13:06:11.703297,ward_2,2.672010688042752,0.05559927635578367,0.05274100458191645,2.672010688042752,0.05844503712495646
2025-10-19 13:06:11.769231,ward_0,2.672010688042752,0.05554370486980183,0.05247729955900687,2.672010688042752,0.05838662130061167
2025-10-19 13:06:11.835165,ward_1,2.672010688042752,0.05548818892752949,0.05221491306121183,2.672010688042752,0.05832826386289303
2025-10-19 13:06:11.901099,ward_2,2.672010688042752,0.05543272847345071,0.05195383849590577,2.672010688042752,0.05826996475344313
2025-10-19 13:06:11.967033,ward_0,2.672010688042752,0.05537732345210501,0.051694069303426245,2.672010688042752,0.058211723913962815
2025-10-19 13:06:12.032967,ward_1,2.672010688042752,0.05532197380808739,0.051435598956909113,2.672010688042752,0.05815354128621129
2025-10-19 13:06:12.098901,ward_2,2.672010688042752,0.05526667948604818,0.05117842096212456,2.672010688042752,0.05809541681200589
2025-10-19 13:06:12.164835,ward_0,2.672010688042752,0.055211440430693065,0.050922528857313944,2.672010688042752,0.05803735043322213
2025-10-19 13:06:12.230769,ward_1,2.672010688042752,0.055156256586782984,0.050667916213027374,2.672010688042752,0.05797934209179365
2025-10-19 13:06:12.296703,ward_2,2.672010688042752,0.05510112789913407,0.050414576631962235,2.672010688042752,0.057921391729712106
2025-10-19 13:06:12.362637,ward_0,2.672010688042752,0.055046054312617665,0.05016250374880243,2.672010688042752,0.0578634992890271
2025-10-19 13:06:12.428571,ward_1,2.672010688042752,0.05499103577216016,0.04991169123005841,2.672010688042752,0.057805664711846214
2025-10-19 13:06:12.494505,ward_2,2.672010688042752,0.05493607222274301,0.049662132773908116,2.672010688042752,0.05774788794033485
2025-10-19 13:06:12.560440,ward_0,2.672010688042752,0.05488116360940264,0.04941382211003858,2.672010688042752,0.057690168916716245
2025-10-19 13:06:12.626374,ward_1,2.672010688042752,0.05482630987723047,0.04916675299948838,2.672010688042752,0.057632507583271354
2025-10-19 13:06:12.692308,ward_2,2.672010688042752,0.054771510971372755,0.04892091923449094,2.672010688042752,0.057574903882338865
2025-10-19 13:06:12.758242,ward_0,2.672010688042752,0.054716766837030556,0.04867631463831849,2.672010688042752,0.05751735775631505
2025-10-19 13:06:12.824176,ward_1,2.672010688042752,0.05466207741945977,0.048432933065126894,2.672010688042752,0.05745986914765378
2025-10-19 13:06:12.890110,ward_2,2.672010688042752,0.05460744266397094,0.04819076839980126,2.672010688042752,0.057402437998866455
2025-10-19 13:06:12.956044,ward_0,2.672010688042752,0.054552862515929335,0.047949814557802256,2.672010688042752,0.05734506425252189
2025-10-19 13:06:13.021978,ward_1,2.672010688042752,0.0544983369207548,0.04771006548501324,2.672010688042752,0.057287747851246386
2025-10-19 13:06:13.087912,ward_2,2.672010688042752,0.05444386582392172,0.04747151515758818,2.672010688042752,0.05723048873772349
2025-10-19 13:06:13.153846,ward_0,2.672010688042752,0.054389449170958996,0.04723415758180024,2.672010688042752,0.057173286854694104
2025-10-19 13:06:13.219780,ward_1,2.672010688042752,0.05433508690744998,0.046997986793891236,2.672010688042752,0.05711614214495635
2025-10-19 13:06:13.285714,ward_2,2.672010688042752,0.0542807789790324,0.04676299685992178,2.672010688042752,0.057059054551365486
2025-10-19 13:06:13.351648,ward_0,2.672010688042752,0.05422652533139832,0.04652918187562217,2.672010688042752,0.05700202401683392
2025-10-19 13:06:13.417582,ward_1,2.672010688042752,0.0541723259102941,0.04629653596624406,2.672010688042752,0.05694505048433114
2025-10-19 13:06:13.483516,ward_2,2.672010688042752,0.05411818066152029,0.04606505328641284,2.672010688042752,0.056888133896883575
2025-10-19 13:06:13.549451,ward_0,2.672010688042752,0.05406408953093166,0.04583472801998077,2.672010688042752,0.05683127419757466
2025-10-19 13:06:13.615385,ward_1,2.672010688042752,0.05401005246443707,0.04560555437988087,2.672010688042752,0.05677447132954467
2025-10-19 13:06:13.681319,ward_2,2.672010688042752,0.053956069407999435,0.045377526607981465,2.672010688042752,0.056717725235990744
2025-10-19 13:06:13.747253,ward_0,2.672010688042752,0.05390214030763571,0.04515063897494156,2.672010688042752,0.056661035860166784
2025-10-19 13:06:13.813187,ward_1,2.672010688042752,0.05384826510941679,0.04492488578006685,2.672010688042752,0.0566044031453834
2025-10-19 13:06:13.879121,ward_2,2.672010688042752,0.05379444375946745,0.04470026135116651,2.672010688042752,0.056547827035007873
2025-10-19 13:06:13.945055,ward_0,2.672010688042752,0.053740676203966366,0.04447676004441068,2.672010688042752,0.0564913074724641
2025-10-19 13:06:14.010989,ward_1,2.672010688042752,0.053686962389145956,0.044254376244188626,2.672010688042752,0.0564348444012325
2025-10-19 13:06:14.076923,ward_2,2.672010688042752,0.05363330226129242,0.04403310436296769,2.672010688042752,0.05637843776485003
2025-10-19 13:06:14.142857,ward_0,2.672010688042752,0.05357969576674561,0.043812938841152844,2.672010688042752,0.05632208750691001
2025-10-19 13:06:14.208791,ward_1,2.672010688042752,0.05352614285189903,0.043593874146947084,2.672010688042752,0.05626579357106217
2025-10-19 13:06:14.274725,ward_2,2.672010688042752,0.05347264346319976,0.043375904776212344,2.672010688042752,0.056209555901012606
2025-10-19 13:06:14.340659,ward_0,2.672010688042752,0.05341919754714841,0.043159025252331285,2.672010688042752,0.056153374440523623
2025-10-19 13:06:14.406593,ward_1,2.672010688042752,0.053365805050299066,0.042943230126069626,2.672010688042752,0.05609724913341377
2025-10-19 13:06:14.472527,ward_2,2.672010688042752,0.053312465919259214,0.04272851397543928,2.672010688042752,0.05604117992355771
2025-10-19 13:06:14.538462,ward_0,2.672010688042752,0.053259180100689724,0.04251487140556208,2.672010688042752,0.05598516675488626
2025-10-19 13:06:14.604396,ward_1,2.672010688042752,0.05320594754130477,0.04230229704853427,2.672010688042752,0.055929209571386224
2025-10-19 13:06:14.670330,ward_2,2.672010688042752,0.05315276818787179,0.0420907855632916,2.672010688042752,0.05587330831710041
2025-10-19 13:06:14.736264,ward_0,2.672010688042752,0.053099641987211434,0.041880331635475145,2.672010688042752,0.055817462936127576
2025-10-19 13:06:14.802198,ward_1,2.672010688042752,0.05304656888619749,0.041670929977297766,2.672010688042752,0.05576167337262234
2025-10-19 13:06:14.868132,ward_2,2.672010688042752,0.05299354883175686,0.04146257532741128,2.672010688042752,0.055705939570795115
2025-10-19 13:06:14.934066,ward_0,2.672010688042752,0.05294058177086946,0.04125526245077422,2.672010688042752,0.0556502614749121
2025-10-19 13:06:15.000000,ward_1,2.672010688042752,0.05288766765056825,0.04104898613852035,2.672010688042752,0.055594639029295206
2025-10-19 13:06:15.065934,ward_2,2.672010688042752,0.0528348064179391,0.040843741207827744,2.672010688042752,0.055539072178321956
2025-10-19 13:06:15.131868,ward_0,2.672010688042752,0.05278199802012077,0.04063952250178861,2.672010688042752,0.05548356086642554
2025-10-19 13:06:15.197802,ward_1,2.672010688042752,0.052729242404304856,0.040436324889279666,2.672010688042752,0.055428105038094595
2025-10-19 13:06:15.263736,ward_2,2.672010688042752,0.052676539517735745,0.040234143264833266,2.672010688042752,0.055372704637873305
2025-10-19 13:06:15.329670,ward_0,2.672010688042752,0.05262388930771054,0.0400329725485091,2.672010688042752,0.05531735961036127
2025-10-19 13:06:15.395604,ward_1,2.672010688042752,0.05257129172157903,0.03983280768576655,2.672010688042752,0.05526206990021347
2025-10-19 13:06:15.461538,ward_2,2.672010688042752,0.05251874670674361,0.03963364364733772,2.672010688042752,0.05520683545214016
2025-10-19 13:06:15.527473,ward_0,2.672010688042752,0.05246625421065929,0.03943547542910103,2.672010688042752,0.0551516562109069
2025-10-19 13:06:15.593407,ward_1,2.672010688042752,0.052413814180833546,0.03923829805195553,2.672010688042752,0.05509653212133445
2025-10-19 13:06:15.659341,ward_2,2.672010688042752,0.052361426564826355,0.03904210656169575,2.672010688042752,0.05504146312829872
2025-10-19 13:06:15.725275,ward_0,2.672010688042752,0.05230909131025008,0.03884689602888727,2.672010688042752,0.054986449176730706
2025-10-19 13:06:15.791209,ward_1,2.672010688042752,0.05225680836476948,0.038652661548742834,2.672010688042752,0.054931490211616446
2025-10-19 13:06:15.857143,ward_2,2.672010688042752,0.05220457767610161,0.03845939824099912,2.672010688042752,0.054876586177996976
2025-10-19 13:06:15.923077,ward_0,2.672010688042752,0.05215239919201575,0.03826710124979412,2.672010688042752,0.05482173702096826
2025-10-19 13:06:15.989011,ward_1,2.672010688042752,0.052100272860333446,0.038075765743545154,2.672010688042752,0.05476694268568113
2025-10-19 13:06:16.054945,ward_2,2.672010688042752,0.05204819862892832,0.03788538691482743,2.672010688042752,0.05471220311734124
2025-10-19 13:06:16.120879,ward_0,2.672010688042752,0.05199617644572618,0.03769595998025329,2.672010688042752,0.054657518261209036
2025-10-19 13:06:16.186813,ward_1,2.672010688042752,0.05194420625870482,0.03750748018035202,2.672010688042752,0.05460288806259965
2025-10-19 13:06:16.252747,ward_2,2.672010688042752,0.051892288015894045,0.03731994277945026,2.672010688042752,0.05454831246688288
2025-10-19 13:06:16.318681,ward_0,2.672010688042752,0.05184042166537559,0.037133343065553014,2.672010688042752,0.05449379141948312
2025-10-19 13:06:16.384615,ward_1,2.672010688042752,0.05178860715528314,0.03694767635022524,2.672010688042752,0.05443932486587931
2025-10-19 13:06:16.450549,ward_2,2.672010688042752,0.051736844433802165,0.03676293796847412,2.672010688042752,0.05438491275160491
2025-10-19 13:06:16.516484,ward_0,2.672010688042752,0.05168513344916992,0.03657912327863175,2.672010688042752,0.054330555022247796
2025-10-19 13:06:16.582418,ward_1,2.672010688042752,0.051633474149675444,0.036396227662238594,2.672010688042752,0.05427625162345023
2025-10-19 13:06:16.648352,ward_2,2.672010688042752,0.051581866483659415,0.0362142465239274,2.672010688042752,0.05422200250090881
2025-10-19 13:06:16.714286,ward_0,2.672010688042752,0.05153031039951417,0.03603317529130776,2.672010688042752,0.05416780760037441
2025-10-19 13:06:16.780220,ward_1,2.672010688042752,0.05147880584568362,0.03585300941485122,2.672010688042752,0.05411366686765213
2025-10-19 13:06:16.846154,ward_2,2.672010688042752,0.051427352770663196,0.03567374436777696,2.672010688042752,0.05405958024860121
2025-10-19 13:06:16.912088,ward_0,2.672010688042752,0.051375951122999836,0.035495375645938076,2.672010688042752,0.054005547689135056
2025-10-19 13:06:16.978022,ward_1,2.672010688042752,0.05132460085129188,0.03531789876770839,2.672010688042752,0.0539515691352211
2025-10-19 13:06:17.043956,ward_2,2.672010688042752,0.05127330190418905,0.035141309273869846,2.672010688042752,0.05389764453288077
2025-10-19 13:06:17.109890,ward_0,2.672010688042752,0.0512220542303924,0.034965602727500496,2.672010688042752,0.05384377382818945
2025-10-19 13:06:17.175824,ward_1,2.672010688042752,0.051170857778654245,0.03479077471386299,2.672010688042752,0.05378995696727646
2025-10-19 13:06:17.241758,ward_2,2.672010688042752,0.051119712497778136,0.03461682084029368,2.672010688042752,0.05373619389632491
2025-10-19 13:06:17.307692,ward_0,2.672010688042752,0.05106861833661879,0.03444373673609221,2.672010688042752,0.05368248456157174
2025-10-19 13:06:17.373626,ward_1,2.672010688042752,0.05101757524408203,0.03427151805241175,2.672010688042752,0.05362882890930761
2025-10-19 13:06:17.439560,ward_2,2.672010688042752,0.05096658316912476,0.03410016046214969,2.672010688042752,0.05357522688587685
2025-10-19 13:06:17.505495,ward_0,2.672010688042752,0.05091564206075492,0.03392965965983894,2.672010688042752,0.05352167843767744
2025-10-19 13:06:17.571429,ward_1,2.672010688042752,0.05086475186803137,0.03376001136153975,2.672010688042752,0.053468183511160935
2025-10-19 13:06:17.637363,ward_2,2.672010688042752,0.050813912540063934,0.03359121130473205,2.672010688042752,0.05341474205283239
2025-10-19 13:06:17.703297,ward_0,2.672010688042752,0.050763124026013275,0.03342325524820839,2.672010688042752,0.05336135400925035
2025-10-19 13:06:17.769231,ward_1,2.672010688042752,0.050712386275090865,0.033256138971967344,2.672010688042752,0.05330801932702677
2025-10-19 13:06:17.835165,ward_2,2.672010688042752,0.05066169923655896,0.03308985827710751,2.672010688042752,0.05325473795282696
2025-10-19 13:06:17.901099,ward_0,2.672010688042752,0.05061106285973052,0.03292440898572197,2.672010688042752,0.05320150983336954
2025-10-19 13:06:17.967033,ward_1,2.672010688042752,0.05056047709396915,0.03275978694079336,2.672010688042752,0.053148334915426386
2025-10-19 13:06:18.032967,ward_2,2.672010688042752,0.05050994188868908,0.03259598800608939,2.672010688042752,0.05309521314582258
2025-10-19 13:06:18.098901,ward_0,2.672010688042752,0.05045945719335512,0.03243300806605895,2.672010688042752,0.05304214447143634
2025-10-19 13:06:18.164835,ward_1,2.672010688042752,0.050409022957482556,0.032270843025728656,2.672010688042752,0.052989128839198985
2025-10-19 13:06:18.230769,ward_2,2.672010688042752,0.050358639130637144,0.03210948881060001,2.672010688042752,0.0529361661960949
2025-10-19 13:06:18.296703,ward_0,2.672010688042752,0.05030830566243506,0.03194894136654701,2.672010688042752,0.052883256489161395
2025-10-19 13:06:18.362637,ward_1,2.672010688042752,0.05025802250254285,0.031789196659714275,2.672010688042752,0.05283039966548882
2025-10-19 13:06:18.428571,ward_2,2.672010688042752,0.050207789600677316,0.0316302506764157,2.672010688042752,0.0527775956722203
2025-10-19 13:06:18.494505,ward_0,2.672010688042752,0.05015760690660556,0.031472099423033625,2.672010688042752,0.052724844456551845
2025-10-19 13:06:18.560440,ward_1,2.672010688042752,0.05010747437014489,0.031314738925918455,2.672010688042752,0.05267214596573225
2025-10-19 13:06:18.626374,ward_2,2.672010688042752,0.05005739194116278,0.031158165231288865,2.672010688042752,0.052619500147063
2025-10-19 13:06:18.692308,ward_0,2.672010688042752,0.050007359569576776,0.03100237440513242,2.672010688042752,0.052566906947898284
2025-10-19 13:06:18.758242,ward_1,2.672010688042752,0.0499573772053545,0.030847362533106756,2.672010688042752,0.0525143663156449
2025-10-19 13:06:18.824176,ward_2,2.672010688042752,0.049907444798513605,0.030693125720441222,2.672010688042752,0.0524618781977622
2025-10-19 13:06:18.890110,ward_0,2.672010688042752,0.04985756229912166,0.030539660091839015,2.672010688042752,0.05240944254176208
2025-10-19 13:06:18.956044,ward_1,2.672010688042752,0.04980772965729617,0.03038696179137982,2.672010688042752,0.05235705929520886
2025-10-19 13:06:19.021978,ward_2,2.672010688042752,0.04975794682320449,0.030235026982422922,2.672010688042752,0.0523047284057193
2025-10-19 13:06:19.087912,ward_0,2.672010688042752,0.04970821374706377,0.030083851847510806,2.672010688042752,0.05225244982096251
2025-10-19 13:06:19.153846,ward_1,2.672010688042752,0.049658530379140954,0.029933432588273252,2.672010688042752,0.052200223488659894
2025-10-19 13:06:19.219780,ward_2,2.672010688042752,0.049608896669752656,0.029783765425331888,2.672010688042752,0.052148049356585124
2025-10-19 13:06:19.285714,ward_0,2.672010688042752,0.04955931256926515,0.029634846598205228,2.672010688042752,0.05209592737256404
2025-10-19 13:06:19.351648,ward_1,2.672010688042752,0.04950977802809435,0.0294866723652142,2.672010688042752,0.05204385748447468
2025-10-19 13:06:19.417582,ward_2,2.672010688042752,0.04946029299670571,0.02933923900338813,2.672010688042752,0.05199183964024714
2025-10-19 13:06:19.483516,ward_0,2.672010688042752,0.04941085742561417,0.029192542808371188,2.672010688042752,0.05193987378786357
2025-10-19 13:06:19.549451,ward_1,2.672010688042752,0.049361471265384184,0.02904658009432933,2.672010688042752,0.051887959875358124
2025-10-19 13:06:19.615385,ward_2,2.672010688042752,0.049312134466629576,0.028901347193857688,2.672010688042752,0.05183609785081687
2025-10-19 13:06:19.681319,ward_0,2.672010688042752,0.04926284698001355,0.028756840457888396,2.672010688042752,0.05178428766237778
2025-10-19 13:06:19.747253,ward_1,2.672010688042752,0.049213608756248604,0.028613056255598956,2.672010688042752,0.051732529258230686
2025-10-19 13:06:19.813187,ward_2,2.672010688042752,0.04916441974609651,0.02846999097432096,2.672010688042752,0.05168082258661715
2025-10-19 13:06:19.879121,ward_0,2.672010688042752,0.04911527990036827,0.028327641019449356,2.672010688042752,0.05162916759583051
2025-10-19 13:06:19.945055,ward_1,2.672010688042752,0.049066189169924015,0.028186002814352108,2.672010688042752,0.05157756423421577
2025-10-19 13:06:20.010989,ward_2,2.672010688042752,0.04901714750567302,0.028045072800280346,2.672010688042752,0.05152601245016955
2025-10-19 13:06:20.076923,ward_0,2.672010688042752,0.04896815485857362,0.027904847436278947,2.672010688042752,0.05147451219214008
2025-10-19 13:06:20.142857,ward_1,2.672010688042752,0.04891921117963316,0.027765323199097552,2.672010688042752,0.0514230634086271
2025-10-19 13:06:20.208791,ward_2,2.672010688042752,0.04887031641990795,0.027626496583102064,2.672010688042752,0.05137166604818181
2025-10-19 13:06:20.274725,ward_0,2.672010688042752,0.04882147053050323,0.02748836410018655,2.672010688042752,0.05132032005940685
2025-10-19 13:06:20.340659,ward_1,2.672010688042752,0.04877267346257312,0.02735092227968562,2.672010688042752,0.051269025390956215
2025-10-19 13:06:20.406593,ward_2,2.672010688042752,0.04872392516732053,0.02721416766828719,2.672010688042752,0.051217781991535254
2025-10-19 13:06:20.472527,ward_0,2.672010688042752,0.04867522559599717,0.027078096829945757,2.672010688042752,0.051166589809900555
2025-10-19 13:06:20.538462,ward_1,2.672010688042752,0.04862657469990346,0.026942706345796028,2.672010688042752,0.05111544879485993
2025-10-19 13:06:20.604396,ward_2,2.672010688042752,0.0485779724303885,0.026807992814067046,2.672010688042752,0.05106435889527235
2025-10-19 13:06:20.670330,ward_0,2.672010688042752,0.04852941873885003,0.026673952849996713,2.672010688042752,0.051013320060047926
2025-10-19 13:06:20.736264,ward_1,2.672010688042752,0.04848091357673433,0.02654058308574673,2.672010688042752,0.05096233223814781
2025-10-19 13:06:20.802198,ward_2,2.672010688042752,0.04843245689553625,0.026407880170317994,2.672010688042752,0.05091139537858419
2025-10-19 13:06:20.868132,ward_0,2.672010688042752,0.0483840486467991,0.026275840769466402,2.672010688042752,0.05086050943042019
2025-10-19 13:06:20.934066,ward_1,2.672010688042752,0.04833568878211464,0.026144461565619073,2.672010688042752,0.05080967434276985
2025-10-19 13:06:21.000000,ward_2,2.672010688042752,0.04828737725312298,0.026013739257790977,2.672010688042752,0.05075889006479808
2025-10-19 13:06:21.065934,ward_0,2.672010688042752,0.048239114011512596,0.02588367056150202,2.672010688042752,0.05070815654572062
2025-10-19 13:06:21.131868,ward_1,2.672010688042752,0.048190899009020245,0.02575425220869451,2.672010688042752,0.05065747373480392
2025-10-19 13:06:21.197802,ward_2,2.672010688042752,0.048142732197430926,0.025625480947651037,2.672010688042752,0.050606841581365185
2025-10-19 13:06:21.263736,ward_0,2.672010688042752,0.0480946135285778,0.025497353542912785,2.672010688042752,0.050556260034772246
2025-10-19 13:06:21.329670,ward_1,2.672010688042752,0.04804654295434223,0.02536986677519822,2.672010688042752,0.05050572904444356
2025-10-19 13:06:21.395604,ward_2,2.672010688042752,0.047998520426653604,0.02524301744132223,2.672010688042752,0.05045524855984811
2025-10-19 13:06:21.461538,ward_0,2.672010688042752,0.04795054589748941,0.025116802354115616,2.672010688042752,0.050404818530505435
2025-10-19 13:06:21.527473,ward_1,2.672010688042752,0.047902619318875114,0.024991218342345037,2.672010688042752,0.0503544389059855
2025-10-19 13:06:21.593407,ward_2,2.672010688042752,0.04785474064288412,0.024866262250633313,2.672010688042752,0.05030410963590866
2025-10-19 13:06:21.659341,ward_0,2.672010688042752,0.047806909821637766,0.024741930939380145,2.672010688042752,0.05025383066994564
2025-10-19 13:06:21.725275,ward_1,2.672010688042752,0.04775912680730521,0.024618221284683245,2.672010688042752,0.050203601957817486
2025-10-19 13:06:21.791209,ward_2,2.672010688042752,0.04771139155210344,0.024495130178259827,2.672010688042752,0.05015342344929548
2025-10-19 13:06:21.857143,ward_0,2.672010688042752,0.047663704008297204,0.02437265452736853,2.672010688042752,0.05010329509420109
2025-10-19 13:06:21.923077,ward_1,2.672010688042752,0.047616064128198944,0.024250791254731688,2.672010688042752,0.05005321684240597
2025-10-19 13:06:21.989011,ward_2,2.672010688042752,0.047568471864168786,0.02412953729845803,2.672010688042752,0.05000318864383187
2025-10-19 13:06:22.054945,ward_0,2.672010688042752,0.047520927168614446,0.024008889611965737,2.672010688042752,0.04995321044845057
2025-10-19 13:06:22.120879,ward_1,2.672010688042752,0.04747342999399124,0.02388884516390591,2.672010688042752,0.0499032822062839
2025-10-19 13:06:22.186813,ward_2,2.672010688042752,0.04742598029280199,0.02376940093808638,2.672010688042752,0.049853403867403584
2025-10-19 13:06:22.252747,ward_0,2.672010688042752,0.047378578017596984,0.02365055393339595,2.672010688042752,0.04980357538193129
2025-10-19 13:06:22.318681,ward_1,2.672010688042752,0.04733122312097393,0.023532301163728966,2.672010688042752,0.04975379670003852
2025-10-19 13:06:22.384615,ward_2,2.672010688042752,0.047283915555577954,0.023414639657910324,2.672010688042752,0.04970406777194661
2025-10-19 13:06:22.450549,ward_0,2.672010688042752,0.04723665527410147,0.02329756645962077,2.672010688042752,0.049654388547926614
2025-10-19 13:06:22.516484,ward_1,2.672010688042752,0.0471894422292842,0.023181078627322667,2.672010688042752,0.049604758978299295
2025-10-19 13:06:22.582418,ward_2,2.672010688042752,0.04714227637391309,0.023065173234186054,2.672010688042752,0.049555179013435084
2025-10-19 13:06:22.648352,ward_0,2.672010688042752,0.047095157660822284,0.022949847368015124,2.672010688042752,0.04950564860375403
2025-10-19 13:06:22.714286,ward_1,2.672010688042752,0.04704808604289306,0.022835098131175048,2.672010688042752,0.0494561676997257
2025-10-19 13:06:22.780220,ward_2,2.672010688042752,0.0470010614730538,0.022720922640519173,2.672010688042752,0.049406736251869185
2025-10-19 13:06:22.846154,ward_0,2.672010688042752,0.04695408390427993,0.022607318027316577,2.672010688042752,0.049357354210753046
2025-10-19 13:06:22.912088,ward_1,2.672010688042752,0.04690715328959388,0.022494281437179995,2.672010688042752,0.049308021526995226
2025-10-19 13:06:22.978022,ward_2,2.672010688042752,0.046860269582065024,0.022381810029994093,2.672010688042752,0.049258738151263054
2025-10-19 13:06:23.043956,ward_0,2.672010688042752,0.04681343273480965,0.02226990097984412,2.672010688042752,0.04920950403427313
2025-10-19 13:06:23.109890,ward_1,2.672010688042752,0.04676664270099093,0.0221585514749449,2.672010688042752,0.049160319126791335
2025-10-19 13:06:23.175824,ward_2,2.672010688042752,0.046719899433818796,0.022047758717570178,2.672010688042752,0.04911118337963277
2025-10-19 13:06:23.241758,ward_0,2.672010688042752,0.04667320288654999,0.021937519923982327,2.672010688042752,0.049062096743661666
2025-10-19 13:06:23.307692,ward_1,2.672010688042752,0.046626553012487956,0.021827832324362414,2.672010688042752,0.049013059169791415
2025-10-19 13:06:23.373626,ward_2,2.672010688042752,0.04657994976498283,0.021718693162740603,2.672010688042752,0.0489640706089844
2025-10-19 13:06:23.439560,ward_0,2.672010688042752,0.04653339309743135,0.0216100996969269,2.672010688042752,0.04891513101225208
2025-10-19 13:06:23.505495,ward_1,2.672010688042752,0.04648688296327683,0.021502049198442265,2.672010688042752,0.048866240330654856
2025-10-19 13:06:23.571429,ward_2,2.672010688042752,0.04644041931600916,0.021394538952450054,2.672010688042752,0.04881739851530202
2025-10-19 13:06:23.637363,ward_0,2.672010688042752,0.046394002109164674,0.021287566257687802,2.672010688042752,0.04876860551735178
2025-10-19 13:06:23.703297,ward_1,2.672010688042752,0.04634763129632616,0.021181128426399364,2.672010688042752,0.048719861288011125
2025-10-19 13:06:23.769231,ward_2,2.672010688042752,0.04630130683112281,0.021075222784267367,2.672010688042752,0.048671165778535815
2025-10-19 13:06:23.835165,ward_0,2.672010688042752,0.04625502866723014,0.02096984667034603,2.672010688042752,0.04862251894023033
2025-10-19 13:06:23.901099,ward_1,2.672010688042752,0.04620879675837,0.0208649974369943,2.672010688042752,0.04857392072444784
2025-10-19 13:06:23.967033,ward_2,2.672010688042752,0.046162611058310474,0.02076067244980933,2.672010688042752,0.04852537108259012
2025-10-19 13:06:24.032967,ward_0,2.672010688042752,0.04611647152086584,0.020656869087560283,2.672010688042752,0.04847686996610753
2025-10-19 13:06:24.098901,ward_1,2.672010688042752,0.046070378099896586,0.02055358474212248,2.672010688042752,0.048428417326498954
2025-10-19 13:06:24.164835,ward_2,2.672010688042752,0.046024330749309256,0.020450816818411866,2.672010688042752,0.048380013115311725
2025-10-19 13:06:24.230769,ward_0,2.672010688042752,0.04597832942305652,0.020348562734319807,2.672010688042752,0.048331657284141655
2025-10-19 13:06:24.296703,ward_1,2.672010688042752,0.045932374075137034,0.02024681992064821,2.672010688042752,0.0482833497846329
2025-10-19 13:06:24.362637,ward_2,2.672010688042752,0.04588646465959545,0.02014558582104497,2.672010688042752,0.04823509056847794
2025-10-19 13:06:24.428571,ward_0,2.672010688042752,0.04584060113052235,0.020044857891939744,2.672010688042752,0.04818687958741757
2025-10-19 13:06:24.494505,ward_1,2.672010688042752,0.045794783442054204,0.019944633602480045,2.672010688042752,0.048138716793240804
2025-10-19 13:06:24.560440,ward_2,2.672010688042752,0.04574901154837332,0.019844910434467643,2.672010688042752,0.04809060213778485
2025-10-19 13:06:24.626374,ward_0,2.672010688042752,0.04570328540370779,0.019745685882295305,2.672010688042752,0.04804253557293504
2025-10-19 13:06:24.692308,ward_1,2.672010688042752,0.045657604962331476,0.019646957452883827,2.672010688042752,0.047994517050624796
2025-10-19 13:06:24.758242,ward_2,2.672010688042752,0.04561197017856392,0.01954872266561941,2.672010688042752,0.047946546522835615
2025-10-19 13:06:24.824176,ward_0,2.672010688042752,0.04556638100677035,0.019450979052291314,2.672010688042752,0.04789862394159695
2025-10-19 13:06:24.890110,ward_1,2.672010688042752,0.04552083740136159,0.019353724157029857,2.672010688042752,0.04785074925898622
2025-10-19 13:06:24.956044,ward_2,2.672010688042752,0.04547533931679402,0.019256955536244708,2.672010688042752,0.04780292242712872
2025-10-19 13:06:25.021978,ward_0,2.672010688042752,0.045429886707569554,0.019160670758563484,2.672010688042752,0.04775514339819765
2025-10-19 13:06:25.087912,ward_1,2.672010688042752,0.045384479528235586,0.019064867404770664,2.672010688042752,0.04770741212441394
2025-10-19 13:06:25.153846,ward_2,2.672010688042752,0.04533911773338492,0.018969543067746814,2.672010688042752,0.04765972855804635
2025-10-19 13:06:25.219780,ward_0,2.672010688042752,0.045293801277655775,0.01887469535240808,2.672010688042752,0.04761209265141128
2025-10-19 13:06:25.285714,ward_1,2.672010688042752,0.045248530115731676,0.018780321875646037,2.672010688042752,0.04756450435687283
2025-10-19 13:06:25.351648,ward_2,2.672010688042752,0.04520330420234147,0.01868642026626781,2.672010688042752,0.0475169636268427
2025-10-19 13:06:25.417582,ward_0,2.672010688042752,0.04515812349225923,0.01859298816493647,2.672010688042752,0.047469470413780156
2025-10-19 13:06:25.483516,ward_1,2.672010688042752,0.04511298794030424,0.018500023224111786,2.672010688042752,0.04742202467019197
2025-10-19 13:06:25.549451,ward_2,2.672010688042752,0.04506789750134095,0.018407523107991226,2.672010688042752,0.047374626348632425
2025-10-19 13:06:25.615385,ward_0,2.672010688042752,0.04502285213027893,0.01831548549245127,2.672010688042752,0.04732727540170317
2025-10-19 13:06:25.681319,ward_1,2.672010688042752,0.04497785178207278,0.018223908064989015,2.672010688042752,0.04727997178205325
2025-10-19 13:06:25.747253,ward_2,2.672010688042752,0.044932896411722156,0.01813278852466407,2.672010688042752,0.04723271544237908
2025-10-19 13:06:25.813187,ward_0,2.672010688042752,0.0448879859742717,0.01804212458204075,2.672010688042752,0.04718550633542426
2025-10-19 13:06:25.879121,ward_1,2.672010688042752,0.04484312042481095,0.017951913959130546,2.672010688042752,0.04713834441397972
2025-10-19 13:06:25.945055,ward_2,2.672010688042752,0.04479829971847437,0.017862154389334892,2.672010688042752,0.04709122963088353
2025-10-19 13:06:26.010989,ward_0,2.672010688042752,0.04475352381044124,0.017772843617388217,2.672010688042752,0.04704416193902088
2025-10-19 13:06:26.076923,ward_1,2.672010688042752,0.04470879265593564,0.017683979399301275,2.672010688042752,0.046997141291324096
2025-10-19 13:06:26.142857,ward_2,2.672010688042752,0.044664106210226436,0.01759555950230477,2.672010688042752,0.04695016764077252
2025-10-19 13:06:26.208791,ward_0,2.672010688042752,0.04461946442862716,0.017507581704793246,2.672010688042752,0.046903240940392485
2025-10-19 13:06:26.274725,ward_1,2.672010688042752,0.044574867266496024,0.01742004379626928,2.672010688042752,0.046856361143257315
2025-10-19 13:06:26.340659,ward_2,2.672010688042752,0.04453031467923588,0.017332943577287933,2.672010688042752,0.04680952820248718
2025-10-19 13:06:26.406593,ward_0,2.672010688042752,0.044485806622294115,0.017246278859401495,2.672010688042752,0.046762742071249155
2025-10-19 13:06:26.472527,ward_1,2.672010688042752,0.04444134305116268,0.017160047465104487,2.672010688042752,0.0467160027027571
2025-10-19 13:06:26.538462,ward_2,2.672010688042752,0.044396923921378006,0.017074247227778963,2.672010688042752,0.046669310050271647
2025-10-19 13:06:26.604396,ward_0,2.672010688042752,0.044352549188520954,0.01698887599164007,2.672010688042752,0.04662266406710013
2025-10-19 13:06:26.670330,ward_1,2.672010688042752,0.04430821880821678,0.01690393161168187,2.672010688042752,0.046576064706596566
2025-10-19 13:06:26.736264,ward_2,2.672010688042752,0.04426393273613512,0.016819411953623457,2.672010688042752,0.04652951192216157
2025-10-19 13:06:26.802198,ward_0,2.672010688042752,0.04421969092798987,0.01673531489385534,2.672010688042752,0.0464830056672424
2025-10-19 13:06:26.868132,ward_1,2.672010688042752,0.04417549333953924,0.016651638319386063,2.672010688042752,0.04643654589533276
2025-10-19 13:06:26.934066,ward_2,2.672010688042752,0.044131339926585626,0.016568380127789134,2.672010688042752,0.04639013255997289
2025-10-19 13:06:27.000000,ward_0,2.672010688042752,0.04408723064497562,0.01648553822715019,2.672010688042752,0.046343765614749434
2025-10-19 13:06:27.065934,ward_1,2.672010688042752,0.044043165450599935,0.016403110536014436,2.672010688042752,0.04629744501329546
2025-10-19 13:06:27.131868,ward_2,2.672010688042752,0.04399914429939336,0.016321094983334363,2.672010688042752,0.046251170709290364
2025-10-19 13:06:27.197802,ward_0,2.672010688042752,0.043955167147334766,0.016239489508417693,2.672010688042752,0.04620494265645982
2025-10-19 13:06:27.263736,ward_1,2.672010688042752,0.04391123395044697,0.016158292060875604,2.672010688042752,0.0461587608085758
2025-10-19 13:06:27.329670,ward_2,2.672010688042752,0.04386734466479679,0.016077500600571226,2.672010688042752,0.046112625119456414
2025-10-19 13:06:27.395604,ward_0,2.672010688042752,0.043823499246494924,0.01599711309756837,2.672010688042752,0.046066535542966004
2025-10-19 13:06:27.461538,ward_1,2.672010688042752,0.04377969765169597,0.01591712753208053,2.672010688042752,0.04602049203301497
2025-10-19 13:06:27.527473,ward_2,2.672010688042752,0.0437359398365983,0.015837541894420125,2.672010688042752,0.045974494543559806
2025-10-19 13:06:27.593407,ward_0,2.672010688042752,0.04369222575744412,0.015758354184948024,2.672010688042752,0.045928543028603025
2025-10-19 13:06:27.659341,ward_1,2.672010688042752,0.04364855537051934,0.015679562414023285,2.672010688042752,0.04588263744219309
2025-10-19 13:06:27.725275,ward_2,2.672010688042752,0.04360492863215357,0.015601164601953169,2.672010688042752,0.04583677773842442
2025-10-19 13:06:27.791209,ward_0,2.672010688042752,0.04356134549872005,0.015523158778943402,2.672010688042752,0.04579096387143731
2025-10-19 13:06:27.857143,ward_1,2.672010688042752,0.04351780592663568,0.015445542985048685,2.672010688042752,0.045745195795417894
2025-10-19 13:06:27.923077,ward_2,2.672010688042752,0.043474309872360846,0.015368315270123441,2.672010688042752,0.04569947346459807
2025-10-19 13:06:27.989011,ward_0,2.672010688042752,0.04343085729239951,0.015291473693772824,2.672010688042752,0.04565379683325554
2025-10-19 13:06:28.054945,ward_1,2.672010688042752,0.04338744814329909,0.01521501632530396,2.672010688042752,0.04560816585571364
2025-10-19 13:06:28.120879,ward_2,2.672010688042752,0.04334408238165043,0.01513894124367744,2.672010688042752,0.04556258048634138
2025-10-19 13:06:28.186813,ward_0,2.672010688042752,0.04330075996408777,0.015063246537459054,2.672010688042752,0.045517040679553415
2025-10-19 13:06:28.252747,ward_1,2.672010688042752,0.04325748084728867,0.014987930304771758,2.672010688042752,0.045471546389809936
2025-10-19 13:06:28.318681,ward_2,2.672010688042752,0.04321424498797403,0.0149129906532479,2.672010688042752,0.04542609757161662
2025-10-19 13:06:28.384615,ward_0,2.672010688042752,0.043171052342907974,0.01483842569998166,2.672010688042752,0.04538069417952466
2025-10-19 13:06:28.450549,ward_1,2.672010688042752,0.04312790286889786,0.01476423357148175,2.672010688042752,0.045335336168130666
2025-10-19 13:06:28.516484,ward_2,2.672010688042752,0.043084796522794205,0.014690412403624342,2.672010688042752,0.04529002349207663
2025-10-19 13:06:28.582418,ward_0,2.672010688042752,0.04304173326149067,0.01461696034160622,2.672010688042752,0.04524475610604984
2025-10-19 13:06:28.648352,ward_1,2.672010688042752,0.042998713041923986,0.01454387553989819,2.672010688042752,0.04519953396478294
2025-10-19 13:06:28.714286,ward_2,2.672010688042752,0.04295573582107392,0.014471156162198698,2.672010688042752,0.045154357023053766
2025-10-19 13:06:28.780220,ward_0,2.672010688042752,0.042912801555963255,0.014398800381387704,2.672010688042752,0.04510922523568538
2025-10-19 13:06:28.846154,ward_1,2.672010688042752,0.04286991020365773,0.014326806379480765,2.672010688042752,0.04506413855754598
2025-10-19 13:06:28.912088,ward_2,2.672010688042752,0.04282706172126597,0.014255172347583361,2.672010688042752,0.04501909694354891
2025-10-19 13:06:28.978022,ward_0,2.672010688042752,0.042784256065939504,0.014183896485845445,2.672010688042752,0.04497410034865251
2025-10-19 13:06:29.043956,ward_1,2.672010688042752,0.04274149319487267,0.014112977003416217,2.672010688042752,0.044929148727860226
2025-10-19 13:06:29.109890,ward_2,2.672010688042752,0.04269877306530259,0.014042412118399137,2.672010688042752,0.04488424203622042
2025-10-19 13:06:29.175824,ward_0,2.672010688042752,0.042656095634509145,0.013972200057807142,2.672010688042752,0.04483938022882638
2025-10-19 13:06:29.241758,ward_1,2.672010688042752,0.04261346085981488,0.013902339057518105,2.672010688042752,0.0447945632608163
2025-10-19 13:06:29.307692,ward_2,2.672010688042752,0.04257086869858502,0.013832827362230515,2.672010688042752,0.04474979108737322
2025-10-19 13:06:29.373626,ward_0,2.672010688042752,0.042528319108227415,0.013763663225419363,2.672010688042752,0.04470506366372496
2025-10-19 13:06:29.439560,ward_1,2.672010688042752,0.04248581204619246,0.013694844909292266,2.672010688042752,0.04466038094514408
2025-10-19 13:06:29.505495,ward_2,2.672010688042752,0.042443347469973094,0.013626370684745804,2.672010688042752,0.044615742886947876
2025-10-19 13:06:29.571429,ward_0,2.672010688042752,0.04240092533710473,0.013558238831322074,2.672010688042752,0.044571149444498276
2025-10-19 13:06:29.637363,ward_1,2.672010688042752,0.04235854560516524,0.013490447637165464,2.672010688042752,0.04452660057320183
2025-10-19 13:06:29.703297,ward_2,2.672010688042752,0.042316208231774885,0.013422995398979638,2.672010688042752,0.044482096228509675
2025-10-19 13:06:29.769231,ward_0,2.672010688042752,0.042273913174596285,0.01335588042198474,2.672010688042752,0.044437636365917445
2025-10-19 13:06:29.835165,ward_1,2.672010688042752,0.042231660391334386,0.013289101019874815,2.672010688042752,0.04439322094096529
2025-10-19 13:06:29.901099,ward_2,2.672010688042752,0.042189449839736395,0.01322265551477544,2.672010688042752,0.04434884990923777
2025-10-19 13:06:29.967033,ward_0,2.672010688042752,0.042147281477591766,0.013156542237201564,2.672010688042752,0.04430452322636387
2025-10-19 13:06:30.032967,ward_1,2.672010688042752,0.04210515526273212,0.013090759526015556,2.672010688042752,0.04426024084801687
2025-10-19 13:06:30.098901,ward_2,2.672010688042752,0.04206307115303125,0.013025305728385478,2.672010688042752,0.04421600272991441
2025-10-19 13:06:30.164835,ward_0,2.672010688042752,0.04202102910640503,0.01296017919974355,2.672010688042752,0.04417180882781837
2025-10-19 13:06:30.230769,ward_1,2.672010688042752,0.04197902908081143,0.012895378303744832,2.672010688042752,0.044127659097534834
2025-10-19 13:06:30.296703,ward_2,2.672010688042752,0.0419370710342504,0.012830901412226108,2.672010688042752,0.04408355349491408
2025-10-19 13:06:30.362637,ward_0,2.672010688042752,0.0418951549247639,0.012766746905164978,2.672010688042752,0.044039491975850484
2025-10-19 13:06:30.428571,ward_1,2.672010688042752,0.041853280710435814,0.012702913170639154,2.672010688042752,0.04399547449628255
2025-10-19 13:06:30.494505,ward_2,2.672010688042752,0.04181144834939193,0.012639398604785957,2.672010688042752,0.043951501012192765
2025-10-19 13:06:30.560440,ward_0,2.672010688042752,0.04176965779979988,0.012576201611762027,2.672010688042752,0.04390757147960766
2025-10-19 13:06:30.626374,ward_1,2.672010688042752,0.041727909019869114,0.012513320603703217,2.672010688042752,0.0438636858545977
2025-10-19 13:06:30.692308,ward_2,2.672010688042752,0.04168620196785084,0.0124507540006847,2.672010688042752,0.04381984409327724
2025-10-19 13:06:30.758242,ward_0,2.672010688042752,0.04164453660203801,0.012388500230681276,2.672010688042752,0.04377604615180453
2025-10-19 13:06:30.824176,ward_1,2.672010688042752,0.04160291288076526,0.01232655772952787,2.672010688042752,0.043732291986381615
2025-10-19 13:06:30.890110,ward_2,2.672010688042752,0.04156133076240884,0.012264924940880231,2.672010688042752,0.04368858155325433
2025-10-19 13:06:30.956044,ward_0,2.672010688042752,0.04151979020538666,0.01220360031617583,2.672010688042752,0.04364491480871225
2025-10-19 13:06:31.021978,ward_1,2.672010688042752,0.04147829116815814,0.012142582314594952,2.672010688042752,0.04360129170908861
2025-10-19 13:06:31.087912,ward_2,2.672010688042752,0.04143683360922425,0.012081869403021975,2.672010688042752,0.043557712210760303
2025-10-19 13:06:31.153846,ward_0,2.672010688042752,0.04139541748712741,0.012021460056006867,2.672010688042752,0.04351417627014784
2025-10-19 13:06:31.219780,ward_1,2.672010688042752,0.041354042760451515,0.011961352755726832,2.672010688042752,0.043470683843715274
2025-10-19 13:06:31.285714,ward_2,2.672010688042752,0.041312709387821826,0.011901545991948198,2.672010688042752,0.043427234887970186
2025-10-19 13:06:31.351648,ward_0,2.672010688042752,0.041271417327904965,0.011842038261988456,2.672010688042752,0.04338382935946359
2025-10-19 13:06:31.417582,ward_1,2.672010688042752,0.04123016653940888,0.011782828070678514,2.672010688042752,0.043340467214789985
2025-10-19 13:06:31.483516,ward_2,2.672010688042752,0.04118895698108276,0.011723913930325121,2.672010688042752,0.04329714841058719
2025-10-19 13:06:31.549451,ward_0,2.672010688042752,0.04114778861171706,0.011665294360673496,2.672010688042752,0.043253872903536425
2025-10-19 13:06:31.615385,ward_1,2.672010688042752,0.0411066613901434,0.011606967888870128,2.672010688042752,0.043210640650362155
2025-10-19 13:06:31.681319,ward_2,2.672010688042752,0.04106557527523455,0.011548933049425779,2.672010688042752,0.043167451607832155
2025-10-19 13:06:31.747253,ward_0,2.672010688042752,0.0410245302259044,0.011491188384178648,2.672010688042752,0.04312430573275734
2025-10-19 13:06:31.813187,ward_1,2.672010688042752,0.0409835262011079,0.011433732442257755,2.672010688042752,0.04308120298199187
2025-10-19 13:06:31.879121,ward_2,2.672010688042752,0.04094256315984101,0.011376563780046466,2.672010688042752,0.04303814331243296
2025-10-19 13:06:31.945055,ward_0,2.672010688042752,0.04090164106114069,0.011319680961146234,2.672010688042752,0.042995126681020956
2025-10-19 13:06:32.010989,ward_1,2.672010688042752,0.04086075986408485,0.011263082556340504,2.672010688042752,0.04295215304473921
2025-10-19 13:06:32.076923,ward_2,2.672010688042752,0.04081991952779227,0.0112067671435588,2.672010688042752,0.04290922236061409
2025-10-19 13:06:32.142857,ward_0,2.672010688042752,0.04077912001142262,0.011150733307841006,2.672010688042752,0.0428663345857149
2025-10-19 13:06:32.208791,ward_1,2.672010688042752,0.040738361274176384,0.011094979641301801,2.672010688042752,0.042823489677153874
2025-10-19 13:06:32.274725,ward_2,2.672010688042752,0.04069764327529482,0.011039504743095292,2.672010688042752,0.0427806875920861
2025-10-19 13:06:32.340659,ward_0,2.672010688042752,0.04065696597405991,0.010984307219379815,2.672010688042752,0.042737928287709476
2025-10-19 13:06:32.406593,ward_1,2.672010688042752,0.04061632932979437,0.010929385683282916,2.672010688042752,0.042695211721264704
2025-10-19 13:06:32.472527,ward_2,2.672010688042752,0.040575733301861545,0.010874738754866503,2.672010688042752,0.04265253785003521
2025-10-19 13:06:32.538462,ward_0,2.672010688042752,0.0405351778496654,0.01082036506109217,2.672010688042752,0.04260990663134711
2025-10-19 13:06:32.604396,ward_1,2.672010688042752,0.04049466293265049,0.010766263235786708,2.672010688042752,0.04256731802256921
2025-10-19 13:06:32.670330,ward_2,2.672010688042752,0.040454188510301886,0.010712431919607775,2.672010688042752,0.042524771981112874
2025-10-19 13:06:32.736264,ward_0,2.672010688042752,0.04041375454214516,0.010658869760009735,2.672010688042752,0.04248226846443206
2025-10-19 13:06:32.802198,ward_1,2.672010688042752,0.04037336098774634,0.010605575411209687,2.672010688042752,0.04243980743002325
2025-10-19 13:06:32.868132,ward_2,2.672010688042752,0.040333007806711875,0.010552547534153639,2.672010688042752,0.04239738883542541
2025-10-19 13:06:32.934066,ward_0,2.672010688042752,0.04029269495868858,0.01049978479648287,2.672010688042752,0.04235501263821995
2025-10-19 13:06:33.000000,ward_1,2.672010688042752,0.0402524224033636,0.010447285872500456,2.672010688042752,0.042312678796030644
