timestamp,latency,location,ward_id,ml_inference_time_ms,latency_ms,total_latency_ms,rolling_avg_latency
2025-10-19 13:26:38.000000,0.16032085673004745,edge,0,118.88038081634825,160.32085673004744,279.2012375463957,
2025-10-19 13:26:38.066225,0.14912040785977732,edge,1,103.53601431515266,149.12040785977732,252.65642217492996,
2025-10-19 13:26:38.132450,0.14903358602428324,edge,2,80.55214290276186,149.03358602428324,229.5857289270451,
2025-10-19 13:26:38.198675,0.1781701261580582,edge,0,89.2184444789018,178.1701261580582,267.38857063695997,
2025-10-19 13:26:38.264901,0.1751500291233275,edge,1,76.72322318503262,175.1500291233275,251.8732523083601,
2025-10-19 13:26:38.331126,0.1766511205265843,edge,2,58.741218134492016,176.6511205265843,235.3923386610763,
2025-10-19 13:26:38.397351,0.15516987691414588,edge,0,58.440130179150245,155.16987691414587,213.61000709329613,
2025-10-19 13:26:38.463576,0.15078844473785616,edge,1,86.1815392191127,150.78844473785617,236.96998395696883,
2025-10-19 13:26:38.529801,0.17065503125941783,edge,2,75.36185252809224,170.65503125941783,246.01688378751007,
2025-10-19 13:26:38.596026,0.15853416694099642,edge,0,77.56967199619766,158.5341669409964,236.10383893719407,
2025-10-19 13:26:38.662252,0.16646174307305342,edge,1,103.0596459368831,166.4617430730534,269.5213890099365,
2025-10-19 13:26:38.728477,0.17190723509105815,edge,2,59.581326195490576,171.90723509105814,231.4885612865487,
2025-10-19 13:26:38.794702,0.16271075325523932,edge,0,75.81591524520813,162.71075325523933,238.52666850044747,
2025-10-19 13:26:38.860927,0.1541792023980661,edge,1,80.64770705617552,154.17920239806608,234.82690945424162,
2025-10-19 13:26:38.927152,0.1594904454117738,edge,2,83.05059534181173,159.49044541177378,242.54104075358552,
2025-10-19 13:26:38.993377,0.15749422542597924,edge,0,75.27272591682369,157.49422542597924,232.7669513428029,
2025-10-19 13:26:39.059603,0.1506382737333561,edge,1,109.05138940269782,150.6382737333561,259.6896631360539,
2025-10-19 13:26:39.125828,0.17434880503688488,edge,2,71.58030819077288,174.34880503688487,245.92911322765775,
2025-10-19 13:26:39.192053,0.16045843113628383,edge,0,78.03035113622919,160.45843113628382,238.48878227251302,
2025-10-19 13:26:39.258278,0.15920510563817966,edge,1,63.01502510520232,159.20510563817967,222.220130743382,
2025-10-19 13:26:39.324503,0.152207826271937,edge,2,105.38944081482522,152.207826271937,257.5972670867622,
2025-10-19 13:26:39.390728,0.15606545284145867,edge,0,78.90825506513674,156.06545284145867,234.97370790659542,
2025-10-19 13:26:39.456954,0.16474492571250848,edge,1,92.85378051180065,164.7449257125085,257.5987062243091,
2025-10-19 13:26:39.523179,0.16444558936509934,edge,2,81.8018214506817,164.44558936509935,246.24741081578105,
2025-10-19 13:26:39.589404,0.1550690799033892,edge,0,88.53746390143621,155.0690799033892,243.6065438048254,
2025-10-19 13:26:39.655629,0.15102180187791078,edge,1,78.0263476159207,151.02180187791078,229.0481494938315,
2025-10-19 13:26:39.721854,0.15548208363923333,edge,2,149.58517219967993,155.48208363923334,305.06725583891324,
2025-10-19 13:26:39.788079,0.17867944863941387,edge,0,77.29293135028607,178.67944863941386,255.97237998969996,
2025-10-19 13:26:39.854305,0.17144185829656278,edge,1,80.45258097566172,171.44185829656277,251.8944392722245,
2025-10-19 13:26:39.920530,0.15892700905855886,edge,2,77.81528551266,158.92700905855887,236.74229457121888,
2025-10-19 13:26:39.986755,0.15117499392410494,edge,0,77.76250447885292,151.17499392410494,228.93749840295786,
2025-10-19 13:26:40.052980,0.14988091756935973,edge,1,79.43421946268718,149.88091756935972,229.31513703204692,
2025-10-19 13:26:40.119205,0.1719900862845247,edge,2,81.39200199202435,171.9900862845247,253.38208827654907,
2025-10-19 13:26:40.185430,0.16972218644201817,edge,0,80.40030826968689,169.72218644201817,250.12249471170506,
2025-10-19 13:26:40.251656,0.168582466413099,edge,1,91.8294875754277,168.582466413099,260.41195398852676,
2025-10-19 13:26:40.317881,0.16838798695153342,edge,2,44.5528592283208,168.38798695153343,212.94084617985422,
2025-10-19 13:26:40.384106,0.1607928794601641,edge,0,67.12655036044409,160.7928794601641,227.9194298206082,
2025-10-19 13:26:40.450331,0.14933871335716098,edge,1,87.83990842998814,149.33871335716097,237.1786217871491,
2025-10-19 13:26:40.516556,0.14782347183930053,edge,2,62.79210822323428,147.82347183930054,210.6155800625348,
2025-10-19 13:26:40.582781,0.15567333310048997,edge,0,144.56480195899965,155.67333310048997,300.2381350594896,
2025-10-19 13:26:40.649007,0.1722365001587124,edge,1,64.96152955606183,172.2365001587124,237.1980297147742,
2025-10-19 13:26:40.715232,0.167413319306536,edge,2,64.44553928545437,167.41331930653598,231.85885859199038,
2025-10-19 13:26:40.781457,0.15641721272923578,edge,0,81.64217074751284,156.41721272923579,238.0593834767486,
2025-10-19 13:26:40.847682,0.15696998937112122,edge,1,86.00496944576592,156.96998937112122,242.97495881688712,
2025-10-19 13:26:40.913907,0.17129361281818445,edge,2,88.07814758776061,171.29361281818444,259.37176040594505,
2025-10-19 13:26:40.980132,0.17489998651610195,edge,0,84.67831065584865,174.89998651610193,259.57829717195057,
2025-10-19 13:26:41.046358,0.1686694976328176,edge,1,68.22498827461798,168.6694976328176,236.89448590743558,
2025-10-19 13:26:41.112583,0.15325453948496173,edge,2,82.03975859876357,153.25453948496173,235.29429808372532,
2025-10-19 13:26:41.178808,0.15080640914227444,edge,0,84.62771726959235,150.80640914227445,235.43412641186677,
2025-10-19 13:26:41.245033,0.16633480136800557,edge,1,62.22182535371374,166.33480136800557,228.5566267217193,0.16160471691900294
2025-10-19 13:26:41.311258,0.1780076683683891,edge,2,108.29243475632603,178.0076683683891,286.3001031247152,0.1619584531517698
2025-10-19 13:26:41.377483,0.17104138638926966,edge,0,74.00087108840646,171.04138638926966,245.04225747767612,0.16239687272235964
2025-10-19 13:26:41.443709,0.17442922190220872,edge,1,74.9623513299057,174.42922190220872,249.3915732321144,0.16290478543991813
2025-10-19 13:26:41.509934,0.17866429188851743,edge,2,76.4246128575946,178.66429188851743,255.088904746112,0.16291466875452734
2025-10-19 13:26:41.576159,0.1724611590599427,edge,0,93.76184772328692,172.4611590599427,266.2230067832296,0.16286089135325962
2025-10-19 13:26:41.642384,0.1578084456251337,edge,1,65.05178946117975,157.8084456251337,222.86023508631342,0.16248403785523063
2025-10-19 13:26:41.708609,0.15927975334772346,edge,2,107.26743974407906,159.27975334772347,266.5471930918025,0.1625662353839022
2025-10-19 13:26:41.774834,0.15784432510291285,edge,0,68.20351879695811,157.84432510291285,226.04784389987094,0.16270735299120329
2025-10-19 13:26:41.841060,0.15972797143358822,edge,1,65.70021193981191,159.7279714335882,225.42818337340012,0.16248881179468672
2025-10-19 13:26:41.907285,0.17560349218373233,edge,2,67.47842032176102,175.60349218373233,243.08191250549336,0.16283019829954143
2025-10-19 13:26:41.973510,0.16512356825947377,edge,0,74.52636094185668,165.12356825947379,239.64992920133042,0.16280343480326984
2025-10-19 13:26:42.039735,0.15910549949825942,edge,1,65.09664585126741,159.1054994982594,224.2021453495268,0.16254740009141386
2025-10-19 13:26:42.105960,0.157057231542379,edge,2,78.83657511787706,157.057231542379,235.89380666025605,0.16243432965715665
2025-10-19 13:26:42.172185,0.16609994921977203,edge,0,103.02029196933414,166.09994921977204,269.12024118910614,0.1626727445935908
2025-10-19 13:26:42.238411,0.15795356807248967,edge,1,121.7963206410391,157.95356807248967,279.7498887135288,0.1626420070468051
2025-10-19 13:26:42.304636,0.1487332115087313,edge,2,95.12952101364166,148.7332115087313,243.86273252237297,0.16246678676846013
2025-10-19 13:26:42.370861,0.15577806757994964,edge,0,76.25553584846399,155.77806757994964,232.0336034284136,0.162569582645392
2025-10-19 13:26:42.437086,0.17653488929780542,edge,1,56.44411939929713,176.53488929780542,232.97900869710256,0.16261330433061041
2025-10-19 13:26:42.503311,0.15058257713107032,edge,2,165.902531089071,150.5825771310703,316.4851082201413,0.16241578725050615
2025-10-19 13:26:42.569536,0.16341490044902865,edge,0,79.99331049709227,163.41490044902864,243.40821094612093,0.16249998314672315
2025-10-19 13:26:42.635762,0.15509117521887666,edge,1,75.87674966356789,155.09117521887666,230.96792488244455,0.16255765012566192
2025-10-19 13:26:42.701987,0.1595399535135612,edge,2,73.88901494543343,159.53995351356122,233.42896845899463,0.16262714013910398
2025-10-19 13:26:42.768212,0.17041011079047697,edge,0,73.78760360854179,170.41011079047698,244.19771439901874,0.16274044384066333
2025-10-19 13:26:42.834437,0.15853545546368114,edge,1,77.76914793306499,158.53545546368113,236.30460339674613,0.16262224116263496
2025-10-19 13:26:42.900662,0.16545947220139687,edge,2,50.21021634995534,165.45947220139686,215.6696885513522,0.16283004900859513
2025-10-19 13:26:42.966887,0.1483836239440057,edge,0,101.87376540562673,148.3836239440057,250.25738934963243,0.16277728544991704
2025-10-19 13:26:43.033113,0.15289662869416057,edge,1,74.41337915298625,152.89662869416057,227.31000784714684,0.16272557635101556
2025-10-19 13:26:43.099338,0.17463403215431536,edge,2,104.14582377493622,174.63403215431535,278.7798559292516,0.16264466802131358
2025-10-19 13:26:43.165563,0.17846250170328914,edge,0,75.61324608542715,178.46250170328915,254.07574778871628,0.1627850808894481
2025-10-19 13:26:43.231788,0.1554354987879572,edge,1,68.80719381771563,155.43549878795721,224.24269260567283,0.16271525068403608
2025-10-19 13:26:43.298013,0.15634914384462373,edge,2,81.03900365094961,156.34914384462374,237.38814749557335,0.16281873368244645
2025-10-19 13:26:43.364238,0.1540544735585208,edge,0,67.1905907782424,154.0544735585208,221.24506433676322,0.1629022048022297
2025-10-19 13:26:43.430464,0.1589933971234624,edge,1,66.79043951211396,158.9933971234624,225.78383663557636,0.16264227101900847
2025-10-19 13:26:43.496689,0.15711527962030725,edge,2,75.36357913051053,157.11527962030723,232.47885875081778,0.1623901328825742
2025-10-19 13:26:43.562914,0.16608208752449685,edge,0,99.0754042157682,166.08208752449684,265.157491740265,0.16234012530480219
2025-10-19 13:26:43.629139,0.15897447737154882,edge,1,78.58780946534088,158.97447737154883,237.5622868368897,0.16215185511320251
2025-10-19 13:26:43.695364,0.16899506725190108,edge,2,95.58360926480273,168.99506725190108,264.5786765167038,0.16231589886903725
2025-10-19 13:26:43.761589,0.1569843317685884,edge,0,96.34738243345679,156.9843317685884,253.3317142020452,0.16246881123726578
2025-10-19 13:26:43.827815,0.1545289007188826,edge,1,75.34071022229493,154.5289007188826,229.86961094117754,0.16260291981485742
2025-10-19 13:26:43.894040,0.1798542567562867,edge,2,83.93363926471237,179.8542567562867,263.7878960209991,0.16308653828797337
2025-10-19 13:26:43.960265,0.16179986503939153,edge,0,57.32407713393298,161.79986503939153,219.1239421733245,0.16287780558558695
2025-10-19 13:26:44.026490,0.1743397453420924,edge,1,74.42003645718172,174.3397453420924,248.7597817992741,0.1630163341062981
2025-10-19 13:26:44.092715,0.16022199038126728,edge,2,82.4368722283929,160.2219903812673,242.6588626096602,0.16309242965933868
2025-10-19 13:26:44.158940,0.15101455684798254,edge,0,76.96075011825965,151.01455684798253,227.9753069662422,0.16297332100887593
2025-10-19 13:26:44.225166,0.15007523283860932,edge,1,86.15107035753076,150.0752328386093,236.22630319614007,0.16254895340928444
2025-10-19 13:26:44.291391,0.17053783813201748,edge,2,99.42570246421012,170.53783813201747,269.96354059622763,0.16246171044160274
2025-10-19 13:26:44.357616,0.17130986797259454,edge,0,71.40006802146821,171.30986797259453,242.70993599406276,0.16251451784839827
2025-10-19 13:26:44.423841,0.1592111388002612,edge,1,97.24177704165862,159.21113880026118,256.45291584191983,0.16263364983470427
2025-10-19 13:26:44.490066,0.15011738650293974,edge,2,80.24757325957147,150.11738650293972,230.3649597625112,0.16261986938191758
2025-10-19 13:26:44.556291,0.15121724396361083,edge,0,70.46170598999807,151.21724396361083,221.6789499536089,0.16231751823382967
2025-10-19 13:26:44.622517,0.1750835082545283,edge,1,69.88811933921374,175.08350825452828,244.97162759374203,0.16225903503155245
2025-10-19 13:26:44.688742,0.1604110438299163,edge,2,66.76187666575615,160.4110438299163,227.17292049567246,0.1620464281803654
2025-10-19 13:26:44.754967,0.1778385920859193,edge,0,115.9573583640531,177.8385920859193,293.7959504499724,0.1621146155840396
2025-10-19 13:26:44.821192,0.1659161597937311,edge,1,70.74315410586942,165.91615979373108,236.6593138996005,0.16185965294214388
2025-10-19 13:26:44.887417,0.17795392970716237,edge,2,78.74962004357273,177.95392970716236,256.70354975073514,0.16196950835508825
2025-10-19 13:26:44.953642,0.1790246942666945,edge,0,78.54126778925368,179.02469426669452,257.56596205594815,0.16239383332791948
2025-10-19 13:26:45.019868,0.14921107778699663,edge,1,75.88884879856644,149.21107778699664,225.09992658556308,0.16219245981670494
2025-10-19 13:26:45.086093,0.17157428093354016,edge,2,83.22449918362342,171.57428093354017,254.79878011716355,0.1624670589333175
2025-10-19 13:26:45.152318,0.15189849986177054,edge,0,90.97040916147697,151.89849986177055,242.86890902324748,0.16231046950188116
2025-10-19 13:26:45.218543,0.14989093101654202,edge,1,175.30055554630752,149.89093101654203,325.19148656284955,0.16179621827853732
2025-10-19 13:26:45.284768,0.16711418472830475,edge,2,74.20484457680759,167.11418472830474,241.31902930511234,0.16183603060791396
2025-10-19 13:26:45.350993,0.16411557418270792,edge,0,56.52147001059737,164.11557418270792,220.6370441933053,0.16193623210160293
2025-10-19 13:26:45.417219,0.16395140637151678,edge,1,79.65182180394815,163.95140637151678,243.60322817546492,0.16207411559818566
2025-10-19 13:26:45.483444,0.15269893343180602,edge,2,98.72421786761868,152.698933431806,251.42315129942472,0.16180609528242637
2025-10-19 13:26:45.549669,0.17136612836908524,edge,0,71.26789511851861,171.36612836908523,242.63402348760386,0.16207434648835825
2025-10-19 13:26:45.615894,0.15633320717155266,edge,1,89.51426827255723,156.33320717155266,245.8474754441099,0.1622263464016147
2025-10-19 13:26:45.682119,0.16131024734302266,edge,2,84.05436116228645,161.31024734302267,245.36460850530912,0.16233698999687615
2025-10-19 13:26:45.748344,0.15695077987930306,edge,0,78.92208714789014,156.95077987930307,235.87286702719317,0.1619453078085061
2025-10-19 13:26:45.814570,0.17830480971868343,edge,1,75.46167732646012,178.30480971868343,253.76648704514355,0.16249975246025838
2025-10-19 13:26:45.880795,0.1577189727628241,edge,2,75.00998593427585,157.71897276282408,232.72895869709996,0.16238583390653427
2025-10-19 13:26:45.947020,0.16431345383874932,edge,0,72.4679188261641,164.31345383874933,236.78137266491342,0.16257027947893174
2025-10-19 13:26:46.013245,0.15680744522406287,edge,1,89.94889609867217,156.80744522406286,246.75634132273504,0.16251562931314176
2025-10-19 13:26:46.079470,0.15825089375713491,edge,2,67.98738180966073,158.25089375713492,226.23827556679566,0.16227244497247495
2025-10-19 13:26:46.145695,0.16669401372613935,edge,0,89.2425829729318,166.69401372613933,255.93659669907115,0.16243561613772411
2025-10-19 13:26:46.211921,0.17106012572120982,edge,1,107.44643788265923,171.06012572120983,278.50656360386904,0.16254762920812035
2025-10-19 13:26:46.278146,0.15096841124245203,edge,2,77.88112298108473,150.96841124245202,228.84953422353678,0.1625993249540893
2025-10-19 13:26:46.344371,0.16255333827044732,edge,0,72.54050733499135,162.5533382704473,235.09384560543867,0.16279245914561502
2025-10-19 13:26:46.410596,0.17717966293338042,edge,1,106.86020554025127,177.17966293338043,284.0398684736317,0.16284337176119631
2025-10-19 13:26:46.476821,0.16122587422489124,edge,2,76.6893709267023,161.22587422489124,237.91524515159352,0.16249863921162835
2025-10-19 13:26:46.543046,0.1597618646771438,edge,0,116.16385244090894,159.7618646771438,275.9257171180528,0.16258516652941207
2025-10-19 13:26:46.609272,0.16720035440652392,edge,1,68.27172434295595,167.20035440652393,235.47207874947986,0.16280219074065008
2025-10-19 13:26:46.675497,0.17001735161242104,edge,2,74.81879515507799,170.01735161242104,244.83614676749903,0.1631214483017281
2025-10-19 13:26:46.741722,0.15023753535498988,edge,0,64.00075366919204,150.2375353549899,214.2382890241819,0.16294633106635864
2025-10-19 13:26:46.807947,0.17539264250883652,edge,1,79.08896671100356,175.3926425088365,254.4816092198401,0.16331187832412922
2025-10-19 13:26:46.874172,0.16962658332945485,edge,2,66.85101485550005,169.62658332945486,236.4775981849549,0.16338276824022838
2025-10-19 13:26:46.940397,0.15555390478464962,edge,0,57.69522128756975,155.5539047846496,213.24912607221935,0.1633143567884904
2025-10-19 13:26:47.006623,0.16966516087397807,edge,1,63.49147671809625,169.66516087397807,233.15663759207433,0.16332775866093194
2025-10-19 13:26:47.072848,0.17339034331424713,edge,2,46.57329072823997,173.39034331424713,219.9636340424871,0.16365587889184513
2025-10-19 13:26:47.139073,0.17533704822620277,edge,0,83.75142882168346,175.33704822620277,259.0884770478862,0.16407204184199153
2025-10-19 13:26:47.205298,0.17274436847786864,edge,1,77.00306310725603,172.74436847786865,249.74743158512467,0.16392984407642316
2025-10-19 13:26:47.271523,0.17069765570862988,edge,2,69.84608633285593,170.69765570862987,240.5437420414858,0.16410779988980792
2025-10-19 13:26:47.337748,0.17959953904067025,edge,0,70.6049080027543,179.59953904067024,250.20444704342455,0.16421299576377948
2025-10-19 13:26:47.403974,0.15013518383636165,edge,1,101.53499758823492,150.13518383636165,251.67018142459656,0.16401125963288138
2025-10-19 13:26:47.470199,0.16239655437386546,edge,2,67.9622685900901,162.39655437386546,230.35882296395556,0.16423889958339902
2025-10-19 13:26:47.536424,0.17303312446924884,edge,0,76.79331895436668,173.03312446924883,249.82644342361553,0.16469805741601184
2025-10-19 13:26:47.602649,0.17054620411437135,edge,1,53.47535648039077,170.54620411437136,224.02156059476215,0.1646982247356589
2025-10-19 13:26:47.668874,0.16268512714200978,edge,2,94.42514870749746,162.68512714200978,257.1102758495072,0.1645257299190472
2025-10-19 13:26:47.735099,0.15064675345209877,edge,0,67.29637386368945,150.64675345209878,217.94312731578825,0.16435444221208395
2025-10-19 13:26:47.801325,0.16209787949721452,edge,1,78.2893672390702,162.0978794972145,240.38724673628474,0.16459405207196945
2025-10-19 13:26:47.867550,0.1646247266355344,edge,2,87.69163107274846,164.62472663553442,252.31635770828288,0.16486220172540794
2025-10-19 13:26:47.933775,0.1584536653468198,edge,0,94.0274847486996,158.45366534681978,252.4811500955194,0.16452960486725374
2025-10-19 13:26:48.000000,0.1683444776471632,edge,1,58.974371244923574,168.34447764716322,227.31884889208678,0.16468827354359872
2025-10-19 13:26:48.066225,0.15637792297367054,edge,2,98.09432070580678,156.37792297367054,254.4722436794773,0.16425906016135372
2025-10-19 13:26:48.132450,0.1689173736313411,edge,0,82.10915750402108,168.9173736313411,251.0265311353622,0.16431908443810592
2025-10-19 13:26:48.198675,0.16070084283305183,edge,1,80.72722516475267,160.70084283305184,241.4280679978045,0.16397402270062372
2025-10-19 13:26:48.264901,0.17564766367601134,edge,2,79.03580749228631,175.64766367601135,254.68347116829764,0.16390648208881003
2025-10-19 13:26:48.331126,0.1605622803086667,edge,0,83.70463029526157,160.56228030866671,244.26691060392827,0.16413350613924343
2025-10-19 13:26:48.397351,0.17301268345478985,edge,1,70.73760109627415,173.01268345478985,243.750284551064,0.16416227418966844
2025-10-19 13:26:48.463576,0.16560948116617077,edge,2,99.00237123059692,165.60948116617078,264.6118523967677,0.16443649381575642
2025-10-19 13:26:48.529801,0.17403696618297904,edge,0,62.287813111492206,174.03696618297903,236.32477929447123,0.1649194145190852
2025-10-19 13:26:48.596026,0.1546012972853698,edge,1,58.68694925998924,154.6012972853698,213.28824654535904,0.16466915677022648
2025-10-19 13:26:48.662252,0.16106291385983565,edge,2,84.96955531754008,161.06291385983565,246.03246917737573,0.16460810356376904
2025-10-19 13:26:48.728477,0.16838111181087342,edge,0,76.76389961562656,168.38111181087342,245.14501142649996,0.16469669767255618
2025-10-19 13:26:48.794702,0.15546469192889054,edge,1,57.42242046184975,155.46469192889055,212.8871123907403,0.16475201284249788
2025-10-19 13:26:48.860927,0.1607540638610468,edge,2,93.07985032947002,160.7540638610468,253.83391419051682,0.16453977155233712
2025-10-19 13:26:48.927152,0.1617266070834761,edge,0,103.28861156775051,161.7266070834761,265.01521865122663,0.16464763955057557
2025-10-19 13:26:48.993377,0.1514064845953184,edge,1,76.37934214373612,151.4064845953184,227.78582673905453,0.16444956429562146
2025-10-19 13:26:49.059603,0.17289346489437812,edge,2,61.58516715509166,172.89346489437813,234.47863204946978,0.164768417995923
2025-10-19 13:26:49.125828,0.17436943955460338,edge,0,92.4405054966031,174.3694395546034,266.80994505120645,0.16468971059264137
2025-10-19 13:26:49.192053,0.17549247754561956,edge,1,88.54059543310804,175.49247754561955,264.0330729787276,0.1650451806882973
2025-10-19 13:26:49.258278,0.15468744145452826,edge,2,69.46410774024166,154.68744145452825,224.15154919476993,0.16485266044061286
2025-10-19 13:26:49.324503,0.1493992034014934,edge,0,138.97801480025495,149.3992034014934,288.37721820174835,0.1647044956041615
2025-10-19 13:26:49.390728,0.1553001460863789,edge,1,72.02252012326397,155.3001460863789,227.32266620964288,0.16464548065074638
2025-10-19 13:26:49.456954,0.1647403275380147,edge,2,76.8687759804065,164.7403275380147,241.6091035184212,0.16460640692698386
2025-10-19 13:26:49.523179,0.15791907424164234,edge,0,64.44508971906426,157.91907424164233,222.36416396070658,0.1643435858973925
2025-10-19 13:26:49.589404,0.16373482943928552,edge,1,66.11240982679988,163.73482943928553,229.8472392660854,0.16459891426132917
2025-10-19 13:26:49.655629,0.15675275577079423,edge,2,63.69695951406969,156.75275577079424,220.4497152848639,0.1644829026113361
2025-10-19 13:26:49.721854,0.14863250865844227,edge,0,82.7016351511796,148.63250865844228,231.33414380962185,0.16391195952583737
2025-10-19 13:26:49.788079,0.17553769448359016,edge,1,85.22158001940106,175.53769448359017,260.75927450299116,0.16419819593101131
2025-10-19 13:26:49.854305,0.16602049419402815,edge,2,86.29532681933013,166.02049419402815,252.31582101335826,0.16432336852134902
2025-10-19 13:26:49.920530,0.15894116011977139,edge,0,47.291152459886355,158.94116011977138,206.23231257965773,0.16415818463561396
2025-10-19 13:26:49.986755,0.17042141688246448,edge,1,67.74867461767957,170.42141688246448,238.17009150014405,0.16416626594101483
2025-10-19 13:26:50.052980,0.15169376448372507,edge,2,80.1387429783038,151.69376448372506,231.83250746202887,0.16419539052358953
2025-10-19 13:26:50.119205,0.16429266285447983,edge,0,59.21643371031097,164.29266285447983,223.50909656479078,0.16397339093050242
2025-10-19 13:26:50.185430,0.15095433619104984,edge,1,73.3639421269101,150.95433619104983,224.31827831795994,0.16359994598773434
2025-10-19 13:26:50.251656,0.15755716267309428,edge,2,69.29707299036733,157.55716267309427,226.8542356634616,0.1636400111455032
2025-10-19 13:26:50.317881,0.1738159107561118,edge,0,63.4391022586421,173.8159107561118,237.2550130147539,0.16372302614314588
2025-10-19 13:26:50.384106,0.15285735276385976,edge,1,59.75987464252619,152.85735276385975,212.61722740638595,0.16331236633213814
2025-10-19 13:26:50.450331,0.15969725045061736,edge,2,59.05701123527113,159.69725045061736,218.75426168588848,0.16299957037662643
2025-10-19 13:26:50.516556,0.1760252774842216,edge,0,85.68384140666721,176.0252774842216,261.70911889088876,0.1630651885567535
2025-10-19 13:26:50.582781,0.147920144789576,edge,1,85.2413484548812,147.920144789576,233.1614932444572,0.16260963833837241
2025-10-19 13:26:50.649007,0.15026040001523705,edge,2,95.87032034133902,150.26040001523705,246.13072035657606,0.16202285555786375
2025-10-19 13:26:50.715232,0.17646703730248917,edge,0,71.0161881001723,176.46703730248916,247.48322540266147,0.1625494926271863
2025-10-19 13:26:50.781457,0.1731760177843589,edge,1,77.30369086595897,173.1760177843589,250.4797086503179,0.16276508189539615
2025-10-19 13:26:50.847682,0.17764271351690394,edge,2,65.57252012863874,177.64271351690394,243.2152336455427,0.16285727367634928
2025-10-19 13:26:50.913907,0.15147839232672866,edge,0,95.55196689688056,151.47839232672865,247.03035922360922,0.16247591744059642
2025-10-19 13:26:50.980132,0.15247631114164725,edge,1,71.50215869080931,152.47631114164724,223.97846983245657,0.16227174112058915
2025-10-19 13:26:51.046358,0.17293549309485695,edge,2,81.22796555776071,172.93549309485695,254.1634586526177,0.16271751591344433
2025-10-19 13:26:51.112583,0.15267484763930195,edge,0,87.12553496504435,152.67484763930196,239.8003826043463,0.16252905527628606
2025-10-19 13:26:51.178808,0.1748803664516857,edge,1,70.19711000989706,174.8803664516857,245.07747646158276,0.16273416807260913
2025-10-19 13:26:51.245033,0.14864632494716445,edge,2,109.68578523694862,148.64632494716446,258.33211018411305,0.162538021264616
2025-10-19 13:26:51.311258,0.15219879992503219,edge,0,58.480282684115,152.19879992503218,210.6790826091472,0.1622151077101734
2025-10-19 13:26:51.377483,0.15249964821537326,edge,1,97.54265249229984,152.49964821537327,250.0423007076731,0.16213754221500742
2025-10-19 13:26:51.443709,0.16004551443787884,edge,2,70.56102063805687,160.04551443787884,230.6065350759357,0.1619601050311382
2025-10-19 13:26:51.509934,0.17326997138880143,edge,0,89.14690622978107,173.26997138880142,262.41687761858253,0.16221148760225318
2025-10-19 13:26:51.576159,0.1630971468820907,edge,1,90.68811424169557,163.0971468820907,253.7852611237863,0.16196047726637475
2025-10-19 13:26:51.642384,0.15714979519620337,edge,2,91.40221595485528,157.14979519620337,248.55201115105862,0.16189222756412547
2025-10-19 13:26:51.708609,0.17759287118045528,edge,0,74.46314408963377,177.59287118045526,252.05601527008903,0.1619838313186388
2025-10-19 13:26:51.774834,0.16337995230075486,edge,1,80.60951622954654,163.37995230075487,243.9894685303014,0.16193924074133048
2025-10-19 13:26:51.841060,0.1724966803591975,edge,2,85.16281802074283,172.49668035919748,257.6594983799403,0.16190843502485486
2025-10-19 13:26:51.907285,0.1536671268976147,edge,0,75.92472788654297,153.66712689761468,229.59185478415768,0.16188975161709976
2025-10-19 13:26:51.973510,0.17083022710559517,edge,1,101.46047588834219,170.83022710559518,272.2907029939374,0.16208509788201492
2025-10-19 13:26:52.039735,0.15454477762055138,edge,2,82.82744386524234,154.54477762055137,237.37222148579374,0.1618083711982085
2025-10-19 13:26:52.105960,0.15650549469795108,edge,0,82.45873476713729,156.5054946979511,238.96422946508838,0.1618291872535897
2025-10-19 13:26:52.172185,0.15119149005515842,edge,1,87.39925954350666,151.19149005515843,238.59074959866507,0.16163793577747196
2025-10-19 13:26:52.238411,0.16010070232735155,edge,2,52.85781183151297,160.10070232735154,212.95851415886452,0.16160541768234946
2025-10-19 13:26:52.304636,0.15107990565336982,edge,0,87.87147373388511,151.07990565336982,238.95137938725492,0.16159888610351048
2025-10-19 13:26:52.370861,0.16958493854251253,edge,1,67.74763486452315,169.58493854251253,237.33257340703568,0.1615327155764732
2025-10-19 13:26:52.437086,0.17527789362753837,edge,2,165.75315385127985,175.27789362753836,341.0310474788182,0.16155088465793188
2025-10-19 13:26:52.503311,0.16320739261747017,edge,0,94.61218187967539,163.20739261747016,257.81957449714554,0.16130518295936888
2025-10-19 13:26:52.569536,0.15948147503140017,edge,1,101.06745499072802,159.48147503140018,260.5489300221282,0.1614010636309063
2025-10-19 13:26:52.635762,0.16060355632809817,edge,2,82.07486580885254,160.60355632809816,242.6784221369507,0.1616251506894384
2025-10-19 13:26:52.701987,0.15414693932035745,edge,0,64.51968174570413,154.14693932035743,218.66662106606157,0.16160208655411798
2025-10-19 13:26:52.768212,0.17163592191266064,edge,1,126.32779231170285,171.63592191266065,297.9637142243635,0.1617399984416109
2025-10-19 13:26:52.834437,0.1663129383392731,edge,2,68.26425538556438,166.3129383392731,234.57719372483749,0.16190787572356352
2025-10-19 13:26:52.900662,0.1629331561256765,edge,0,69.54968383689463,162.9331561256765,232.48283996257112,0.16189184225729134
2025-10-19 13:26:52.966887,0.15510264732560158,edge,1,64.31911505811034,155.1026473256016,219.42176238371192,0.16185884008838747
2025-10-19 13:26:53.033113,0.1546858509771388,edge,2,106.11986738837133,154.6858509771388,260.80571836551013,0.1619799069347614
2025-10-19 13:26:53.099338,0.16746462124198713,edge,0,78.18168601144744,167.46462124198715,245.64630725343457,0.16181844546992935
2025-10-19 13:26:53.165563,0.1593673922676956,edge,1,60.48198748119836,159.3673922676956,219.84937974889397,0.1616853834314027
2025-10-19 13:26:53.231788,0.15302888448257662,edge,2,74.66716874363456,153.02888448257661,227.69605322621118,0.1615671379186588
2025-10-19 13:26:53.298013,0.1669111641976981,edge,0,73.37215738586933,166.9111641976981,240.28332158356744,0.16149693286496347
2025-10-19 13:26:53.364238,0.15141596638728896,edge,1,64.74029574308965,151.41596638728896,216.15626213037862,0.16149137690303475
2025-10-19 13:26:53.430464,0.15164549016118448,edge,2,102.41620961172718,151.64549016118448,254.06169977291165,0.16123843344916886
2025-10-19 13:26:53.496689,0.1783867782246643,edge,0,68.58013981455136,178.3867782246643,246.96691803921567,0.16178708228984115
2025-10-19 13:26:53.562914,0.16440835826487576,edge,1,162.15985881831406,164.40835826487577,326.56821708318984,0.16192410620167677
2025-10-19 13:26:53.629139,0.16845570660060566,edge,2,93.66911214729318,168.45570660060565,262.1248187478988,0.16181690211856664
2025-10-19 13:26:53.695364,0.15259975347940968,edge,0,76.75038859028967,152.59975347940969,229.35014206969933,0.16181175013287763
2025-10-19 13:26:53.761589,0.17309877221148418,edge,1,99.55867717871551,173.09877221148417,272.6574493901997,0.162079780568095
2025-10-19 13:26:53.827815,0.17597460779734503,edge,2,96.23999970109473,175.97460779734502,272.2146074984397,0.16207876717435746
2025-10-19 13:26:53.894040,0.171859044148232,edge,0,82.07627427847444,171.859044148232,253.93531842670646,0.16255754516153056
2025-10-19 13:26:53.960265,0.16572163986842156,edge,1,77.90218550487599,165.72163986842156,243.62382537329754,0.16286676995859428
2025-10-19 13:26:54.026490,0.16095660666332487,edge,2,63.07979212125517,160.95660666332486,224.03639878458003,0.16255656134581098
2025-10-19 13:26:54.092715,0.1532744945045301,edge,0,66.58496853252323,153.27449450453008,219.85946303705333,0.1621585308802144
2025-10-19 13:26:54.158940,0.1502725578923411,edge,1,83.39332774780199,150.2725578923411,233.66588564014307,0.16161112776772313
2025-10-19 13:26:54.225166,0.16907670014887355,edge,2,74.6696036064608,169.07670014887356,243.74630375533434,0.16196309392416605
2025-10-19 13:26:54.291391,0.1517111117594515,edge,0,85.67337644744724,151.7111117594515,237.38448820689877,0.16194778993652215
2025-10-19 13:26:54.357616,0.15700259451008133,edge,1,93.04873845476149,157.00259451008134,250.05133296484283,0.1616291319648266
2025-10-19 13:26:54.423841,0.1522415226107672,edge,2,84.61760528450787,152.2415226107672,236.85912789527507,0.1616204654642559
2025-10-19 13:26:54.490066,0.1647148162816125,edge,0,85.64496869468832,164.71481628161249,250.35978497630086,0.16141715446085445
2025-10-19 13:26:54.556291,0.15263816985767534,edge,1,82.67317434167755,152.63816985767534,235.3113441993529,0.16149699135906467
2025-10-19 13:26:54.622517,0.14955170771535115,edge,2,157.44067192170718,149.55170771535114,306.9923796370583,0.16144404951487104
2025-10-19 13:26:54.688742,0.15131217945707204,edge,0,70.4550971550599,151.31217945707203,221.76727661213195,0.16142030013970501
2025-10-19 13:26:54.754967,0.15212541311999678,edge,1,53.64196851073152,152.12541311999678,205.7673816307283,0.1612618981133474
2025-10-19 13:26:54.821192,0.16321530284801103,edge,2,138.20841511489743,163.21530284801102,301.4237179629084,0.1610608047425316
2025-10-19 13:26:54.887417,0.16890483559633682,edge,0,89.94051514686956,168.90483559633682,258.8453507432064,0.1611769585168165
2025-10-19 13:26:54.953642,0.15775748674035292,edge,1,88.03645078288108,157.75748674035293,245.793937523234,0.1611891123476995
2025-10-19 13:26:55.019868,0.1616260448766306,edge,2,88.74702211291398,161.6260448766306,250.37306698954458,0.160869775821623
2025-10-19 13:26:55.086093,0.1680013358164747,edge,0,83.55209817498283,168.0013358164747,251.55343399145752,0.1609622034919374
2025-10-19 13:26:55.152318,0.14875138427489468,edge,1,84.81913204264951,148.7513842748947,233.5705163175442,0.16048729757025132
2025-10-19 13:26:55.218543,0.15999569662310262,edge,2,77.94497983153889,159.99569662310262,237.9406764546415,0.16061386896476107
2025-10-19 13:26:55.284768,0.1522580878776516,edge,0,89.35192575100078,152.2580878776516,241.61001362865235,0.1602424261802022
2025-10-19 13:26:55.350993,0.15704395754271974,edge,1,88.47124127754516,157.04395754271974,245.5151988202649,0.16029240977864556
2025-10-19 13:26:55.417219,0.17508202242836463,edge,2,93.34652711595326,175.08202242836464,268.4285495443179,0.16066394033325385
2025-10-19 13:26:55.483444,0.1742610445455208,edge,0,64.09472748257976,174.2610445455208,238.35577202810055,0.16112533142306112
2025-10-19 13:26:55.549669,0.16704453720776014,edge,1,96.53450945854142,167.04453720776013,263.57904666630156,0.1612642081206693
2025-10-19 13:26:55.615894,0.156487876703339,edge,2,84.09029858990628,156.487876703339,240.57817529324527,0.16137236754166867
2025-10-19 13:26:55.682119,0.1584146983767836,edge,0,78.92549710131705,158.4146983767836,237.34019547810064,0.1611489627383541
2025-10-19 13:26:55.748344,0.15490769981744323,edge,1,157.1815826917723,154.90769981744324,312.08928250921554,0.1607415588621522
2025-10-19 13:26:55.814570,0.17363398660839047,edge,2,70.60716322959665,173.63398660839047,244.2411498379871,0.1609500907419706
2025-10-19 13:26:55.880795,0.1731624202651901,edge,0,81.40667159987758,173.1624202651901,254.56909186506772,0.1612237096466464
2025-10-19 13:26:55.947020,0.15031835308671418,edge,1,69.49487429420846,150.31835308671418,219.81322738092263,0.16101800558181872
2025-10-19 13:26:56.013245,0.16214828423843444,edge,2,90.7708809640176,162.14828423843446,252.91916520245206,0.16117803248018026
2025-10-19 13:26:56.079470,0.17171807603984024,edge,0,69.54373809026737,171.71807603984024,241.2618141301076,0.16117967556272386
2025-10-19 13:26:56.145695,0.15263878105134449,edge,1,83.90956288488243,152.6387810513445,236.54834393622693,0.16090619241696527
2025-10-19 13:26:56.211921,0.17831739245430772,edge,2,51.232695181769415,178.3173924543077,229.55008763607714,0.1612138771435379
2025-10-19 13:26:56.278146,0.1540749391925598,edge,0,65.49786152574887,154.07493919255978,219.57280071830868,0.16119332298087705
2025-10-19 13:26:56.344371,0.14899988892899776,edge,1,98.29980860018935,148.99988892899776,247.2996975291871,0.16107960373991426
2025-10-19 13:26:56.410596,0.16207413068784915,edge,2,132.60286837904042,162.07413068784916,294.6769990668896,0.16097179392883149
2025-10-19 13:26:56.476821,0.1695058959655249,edge,0,72.05348638458952,169.5058959655249,241.55938235011442,0.16117456400278804
2025-10-19 13:26:56.543046,0.17189211654250966,edge,1,70.08696626150041,171.89211654250965,241.97908280401006,0.1615518286439867
2025-10-19 13:26:56.609272,0.1529840215768152,edge,2,65.80804302090516,152.9840215768152,218.79206459772038,0.16127328579156905
2025-10-19 13:26:56.675497,0.16897016763627246,edge,0,88.61410393651568,168.97016763627246,257.5842715727881,0.16162436981654874
2025-10-19 13:26:56.741722,0.15595691616870677,edge,1,73.12383149767948,155.95691616870678,229.08074766638626,0.16171059833669918
2025-10-19 13:26:56.807947,0.16055854679316717,edge,2,74.13971180865495,160.55854679316718,234.69825860182212,0.16135403370806922
2025-10-19 13:26:56.874172,0.15588591747714112,edge,0,64.96471113909361,155.8859174771411,220.85062861623473,0.16118358489231455
2025-10-19 13:26:56.940397,0.1675058276537668,edge,1,76.38453406414067,167.5058276537668,243.89036171790747,0.16116458731337777
2025-10-19 13:26:57.006623,0.15170313737554111,edge,2,169.7655259480266,151.7031373755411,321.46866332356774,0.1611466549913004
2025-10-19 13:26:57.072848,0.165934537359456,edge,0,107.62908722505466,165.93453735945602,273.56362458451065,0.16100337029425982
2025-10-19 13:26:57.139073,0.17326936019092454,edge,1,81.18735369433448,173.26936019092454,254.45671388525903,0.16094926534213144
2025-10-19 13:26:57.205298,0.15064962909969548,edge,2,99.13468044283637,150.6496290996955,249.78430954253184,0.1605250770411607
2025-10-19 13:26:57.271523,0.15293262974195676,edge,0,63.18979885803631,152.93262974195676,216.1224285999931,0.16026929683863142
2025-10-19 13:26:57.337748,0.15317260426250623,edge,1,76.19781067408489,153.17260426250624,229.37041493659112,0.160113616790615
2025-10-19 13:26:57.403974,0.1740325337899768,edge,2,47.235123408219884,174.03253378997678,221.2676571981967,0.16052877757632394
2025-10-19 13:26:57.470199,0.17808122613537639,edge,0,85.58397202911985,178.0812261353764,263.66519816449625,0.16108495094118466
2025-10-19 13:26:57.536424,0.17735899994045512,edge,1,80.81312427798652,177.3589999404551,258.17212421844164,0.1612505969370163
2025-10-19 13:26:57.602649,0.1533267111388176,edge,2,107.66629789562386,153.32671113881761,260.99300903444146,0.16128290892460362
2025-10-19 13:26:57.668874,0.17720765910038513,edge,0,69.40096920981011,177.20765910038514,246.60862831019526,0.16168701021640972
2025-10-19 13:26:57.735099,0.15282960895286404,edge,1,69.5460808000573,152.82960895286405,222.37568975292132,0.16169877194325163
2025-10-19 13:26:57.801325,0.15281356537213572,edge,2,59.79816299633963,152.8135653721357,212.61172836847535,0.1614607469250621
2025-10-19 13:26:57.867550,0.1620696189836856,edge,0,89.9395259640396,162.06961898368561,252.0091449477252,0.16164937590758227
2025-10-19 13:26:57.933775,0.15871179943884497,edge,1,78.5099525210279,158.71179943884496,237.22175195987288,0.16183257774205217
2025-10-19 13:26:58.000000,0.17004705133539896,edge,2,109.87620168718198,170.04705133539898,279.9232530225809,0.1622072751796187
2025-10-19 13:26:58.066225,0.17979836442862848,edge,0,90.75207353602038,179.79836442862847,270.55043796464884,0.16276073420579135
2025-10-19 13:26:58.132450,0.14930123632751333,edge,1,85.61983890724137,149.30123632751332,234.92107523475468,0.1624824528753814
2025-10-19 13:26:58.198675,0.15841137189030388,edge,2,70.80544544869507,158.41137189030388,229.21681733899896,0.16227258360126076
2025-10-19 13:26:58.264901,0.173816863943622,edge,0,96.41565969046269,173.816863943622,270.23252363408466,0.1625937711453261
2025-10-19 13:26:58.331126,0.14957078646000588,edge,1,81.49047959642778,149.57078646000588,231.06126605643365,0.1623526659769936
2025-10-19 13:26:58.397351,0.17212870334726124,edge,2,73.55032712651513,172.12870334726125,245.67903047377638,0.16243521332760935
2025-10-19 13:26:58.463576,0.16281621884346265,edge,0,74.56549132467194,162.81621884346265,237.3817101681346,0.16271651001898071
2025-10-19 13:26:58.529801,0.16591780974401288,edge,1,80.68047667504923,165.91780974401289,246.5982864190621,0.1628349522813989
2025-10-19 13:26:58.596026,0.14896685959537392,edge,2,63.15428587673602,148.96685959537393,212.12114547210996,0.16276912771575336
2025-10-19 13:26:58.662252,0.15390444029115855,edge,0,107.79062336576709,153.90444029115855,261.69506365692564,0.16270633737072213
2025-10-19 13:26:58.728477,0.16523135679834403,edge,1,93.39294370912344,165.23135679834402,258.62430050746747,0.1625093240581217
2025-10-19 13:26:58.794702,0.17903244053801035,edge,2,176.6915865197198,179.03244053801035,355.72402705773015,0.16260475197797153
2025-10-19 13:26:58.860927,0.17959746914101046,edge,0,66.02562724466082,179.59746914101046,245.6230963856713,0.16285581061663654
2025-10-19 13:26:58.927152,0.1730214398421972,edge,1,91.11149562258309,173.0214398421972,264.1329354647803,0.1631864818794137
2025-10-19 13:26:58.993377,0.15742824696792215,edge,2,77.34357067371286,157.42824696792215,234.771817641635,0.16316675285123647
2025-10-19 13:26:59.059603,0.1529447769694155,edge,0,66.51213656997575,152.9447769694155,219.45691353939122,0.1631274943942759
2025-10-19 13:26:59.125828,0.1664999445705025,edge,1,74.0546842626726,166.4999445705025,240.5546288331751,0.16298481355351815
2025-10-19 13:26:59.192053,0.17082228732444707,edge,2,89.73043267304323,170.82228732444707,260.5527199974903,0.16293801089470328
2025-10-19 13:26:59.258278,0.16299638776088066,edge,0,88.10043727087012,162.99638776088065,251.0968250317508,0.16319157158818662
2025-10-19 13:26:59.324503,0.17112053237002303,edge,1,94.11168808799349,171.12053237002303,265.2322204580165,0.16337101655081837
2025-10-19 13:26:59.390728,0.17945861507943572,edge,2,91.49751049108329,179.45861507943573,270.956125570519,0.16352582733161028
2025-10-19 13:26:59.456954,0.16120334246794513,edge,0,91.60596439153558,161.20334246794513,252.80930685948073,0.16369711855994232
2025-10-19 13:26:59.523179,0.16025212392099283,edge,1,54.2622376421177,160.25212392099283,214.51436156311055,0.163335813189276
2025-10-19 13:26:59.589404,0.15269360973522836,edge,2,87.23484634848235,152.69360973522836,239.92845608371073,0.16330818660012938
2025-10-19 13:26:59.655629,0.152991954322778,edge,0,73.54689753821201,152.991954322778,226.53885186099,0.16338802790800497
2025-10-19 13:26:59.721854,0.15140542840661142,edge,1,95.85663363108448,151.4054284066114,247.2620620376959,0.16317465386238023
2025-10-19 13:26:59.788079,0.1673881716009584,edge,2,79.2325590686625,167.3881716009584,246.62073066962088,0.16313229937508889
2025-10-19 13:26:59.854305,0.16518297063173076,edge,0,140.93434240804865,165.18297063173077,306.1173130397794,0.16299811645687332
2025-10-19 13:26:59.920530,0.1661685792596137,edge,1,84.34862014299824,166.1685792596137,250.51719940261196,0.16326180761052927
2025-10-19 13:26:59.986755,0.16355021811564505,edge,2,74.48119010917637,163.55021811564504,238.0314082248214,0.16315340862011674
2025-10-19 13:27:00.052980,0.16620034913942394,edge,0,43.505495536009555,166.20034913942393,209.7058446754335,0.1633582772795311
2025-10-19 13:27:00.119205,0.17687991635385808,edge,1,72.02252012326397,176.87991635385808,248.90243647712208,0.16368470467074492
2025-10-19 13:27:00.185430,0.17647474399285623,edge,2,99.15167194508132,176.47474399285622,275.62641593793757,0.1640964812010592
2025-10-19 13:27:00.251656,0.16213996971635689,edge,0,72.08682290523515,162.1399697163569,234.22679262159204,0.163989164042311
2025-10-19 13:27:00.317881,0.17291702834361175,edge,1,70.9902801902765,172.91702834361175,243.90730853388825,0.16441344186167242
2025-10-19 13:27:00.384106,0.1725422374784077,edge,2,84.31190723138018,172.54223747840769,256.8541447097879,0.16454559586405146
2025-10-19 13:27:00.450331,0.16036038478444228,edge,0,68.72127309593584,160.3603847844423,229.08165788037812,0.1642874163559218
2025-10-19 13:27:00.516556,0.1664198434693399,edge,1,82.05659525406959,166.41984346933992,248.47643872340953,0.1646028206433147
2025-10-19 13:27:00.582781,0.16288143438114347,edge,2,62.32996312251742,162.88143438114346,225.2113975036609,0.16480179673609843
2025-10-19 13:27:00.649007,0.16780868413265226,edge,0,109.88034116505204,167.80868413265227,277.68902529770435,0.16509451833350133
2025-10-19 13:27:00.715232,0.15810103047640087,edge,1,71.03997740318135,158.10103047640087,229.14100787958222,0.16477588826722986
2025-10-19 13:27:00.781457,0.17352777058233268,edge,2,90.09559503807151,173.5277705823327,263.6233656204042,0.16468481915616895
2025-10-19 13:27:00.847682,0.17078169569528082,edge,0,69.38293359583061,170.7816956952808,240.16462929111142,0.1645532730712655
2025-10-19 13:27:00.913907,0.16586864159485895,edge,1,82.33356676439547,165.86864159485896,248.20220835925443,0.16480411168038628
2025-10-19 13:27:00.980132,0.16677677825659187,edge,2,51.57922375438003,166.77677825659188,218.3560020109719,0.16459549406351046
2025-10-19 13:27:01.046358,0.16485769314715576,edge,0,84.02771024855407,164.85769314715577,248.88540339570983,0.16483605574739627
2025-10-19 13:27:01.112583,0.15507527050831962,edge,1,100.1826458616046,155.07527050831962,255.25791636992423,0.16488128985011993
2025-10-19 13:27:01.178808,0.16944353368540127,edge,2,156.643393507421,169.44353368540126,326.08692719282226,0.16502876814415426
2025-10-19 13:27:01.245033,0.1532946427768694,edge,0,64.26004033232346,153.2946427768694,217.55468310919284,0.16492042501091475
2025-10-19 13:27:01.311258,0.16236812262177439,edge,1,73.81366084482283,162.36812262177438,236.18178346659724,0.16476684643664227
2025-10-19 13:27:01.377483,0.1665395744138637,edge,2,213.7371648539727,166.53957441386368,380.2767392678364,0.164501670636347
2025-10-19 13:27:01.443709,0.15147015062292407,edge,0,86.97031705143112,151.47015062292408,238.4404676743552,0.1645450489222552
2025-10-19 13:27:01.509934,0.15060251412877468,edge,1,73.02548497038761,150.6025141287747,223.62799909916228,0.16438887176702463
2025-10-19 13:27:01.576159,0.15384595091012893,edge,2,79.87158756527072,153.84595091012892,233.71753847539964,0.16398945350635472
2025-10-19 13:27:01.642384,0.15238966403969814,edge,0,84.10737658344374,152.38966403969815,236.49704062314186,0.1640458310579486
2025-10-19 13:27:01.708609,0.17316409990355763,edge,1,87.27120929391609,173.16409990355763,260.4353091974737,0.16406653898907453
2025-10-19 13:27:01.774834,0.16374603603948798,edge,2,76.99708774798962,163.746036039488,240.7431237874776,0.164085135332995
2025-10-19 13:27:01.841060,0.15043098110973652,edge,0,80.76581137634903,150.4309811097365,231.19679248608554,0.16377539876030947
2025-10-19 13:27:01.907285,0.1556383806584092,edge,1,73.82015435373727,155.6383806584092,229.45853501214646,0.16390882918157018
2025-10-19 13:27:01.973510,0.1615927423724566,edge,2,71.14176241708594,161.5927423724566,232.73450478954254,0.16406259522319616
2025-10-19 13:27:02.039735,0.1719593387943492,edge,0,98.88393883999903,171.95933879434918,270.8432776343482,0.16419715486311623
2025-10-19 13:27:02.105960,0.15145088641675994,edge,1,87.85831965335278,151.45088641675994,239.3092060701127,0.16364552378069128
2025-10-19 13:27:02.172185,0.17486053880005023,edge,2,87.71155751758731,174.86053880005022,262.57209631763754,0.16355078517387206
2025-10-19 13:27:02.238411,0.1522388349034862,edge,0,74.58031928591006,152.23883490348618,226.81915418939624,0.16313513307509783
2025-10-19 13:27:02.304636,0.17072573958878848,edge,1,67.64476310082702,170.72573958878849,238.3705026896155,0.16340108292751515
2025-10-19 13:27:02.370861,0.17767107619002434,edge,2,77.38533024210766,177.67107619002434,255.056406432132,0.1638956089119273
2025-10-19 13:27:02.437086,0.15652765322933812,edge,0,80.55642326170462,156.5276532293381,237.08407649104274,0.16369616308510404
2025-10-19 13:27:02.503311,0.1760694568061467,edge,1,87.5521911170329,176.0694568061467,263.6216479231796,0.16380110647473806
2025-10-19 13:27:02.569536,0.1623385936128737,edge,2,62.17442119376521,162.3385936128737,224.5130148066389,0.1637879505917779
2025-10-19 13:27:02.635762,0.1584609611668272,edge,0,84.80867036617089,158.4609611668272,243.26963153299806,0.16353475916771398
2025-10-19 13:27:02.701987,0.1756860623044888,edge,1,83.78409365714961,175.6860623044888,259.4701559616384,0.16345930811221504
2025-10-19 13:27:02.768212,0.15516922393164453,edge,2,73.14746721468833,155.16922393164452,228.31669114633286,0.16333862574148905
2025-10-19 13:27:02.834437,0.15386525088855318,edge,0,80.38268295955221,153.8652508885532,234.2479338481054,0.1632108882808402
2025-10-19 13:27:02.900662,0.17287334765029339,edge,1,76.0941576358087,172.8733476502934,248.96750528610207,0.16361448303914156
2025-10-19 13:27:02.966887,0.15151453528465944,edge,2,82.49277453175877,151.51453528465944,234.0073098164182,0.16358493465837917
2025-10-19 13:27:03.033113,0.15697957843478297,edge,0,62.39899496125377,156.97957843478298,219.37857339603673,0.1636964176589426
2025-10-19 13:27:03.099338,0.16778146381665973,edge,1,88.75765886959428,167.78146381665974,256.539122686254,0.1637042835032566
2025-10-19 13:27:03.165563,0.1553861991826355,edge,2,110.9841362554223,155.3861991826355,266.3703354380578,0.16350834807427472
2025-10-19 13:27:03.231788,0.17262923747561482,edge,0,65.74687833358192,172.62923747561481,238.37611580919673,0.16363756123859474
2025-10-19 13:27:03.298013,0.15889920329546867,edge,1,65.12443957899883,158.89920329546865,224.0236428744675,0.16354454094219123
2025-10-19 13:27:03.364238,0.17599275186538657,edge,2,63.38155633736818,175.99275186538657,239.37430820275475,0.16374038899671045
2025-10-19 13:27:03.430464,0.1603762012699948,edge,0,87.2215246742295,160.3762012699948,247.5977259442243,0.1634103146950332
2025-10-19 13:27:03.496689,0.17371384009981783,edge,1,71.41632819146443,173.71384009981782,245.13016829128225,0.16335509661717243
2025-10-19 13:27:03.562914,0.1572870195186681,edge,2,64.065621871133,157.2870195186681,221.3526413898011,0.16325803761321864
2025-10-19 13:27:03.629139,0.16324306008603795,edge,0,60.452880165303846,163.24306008603796,223.6959402513418,0.16306455824806718
2025-10-19 13:27:03.695364,0.17844075990660196,edge,1,74.52012852970388,178.44075990660195,252.96088843630582,0.16318252869663108
2025-10-19 13:27:03.761589,0.15675492060063825,edge,2,71.21124533302864,156.75492060063826,227.9661659336669,0.163110419412955
2025-10-19 13:27:03.827815,0.16299721341186893,edge,0,79.08852974535985,162.99721341186893,242.0857431572288,0.16304196681180558
2025-10-19 13:27:03.894040,0.1581121792820135,edge,1,79.44516682499689,158.1121792820135,237.55734610701037,0.16294658170982299
2025-10-19 13:27:03.960265,0.14940164084319985,edge,2,56.313872591461106,149.40164084319986,205.71551343466095,0.16257844084403392
2025-10-19 13:27:04.026490,0.16305699276147884,edge,0,75.57852007338923,163.05699276147882,238.63551283486805,0.16267756008973547
2025-10-19 13:27:04.092715,0.17070723764539877,edge,1,75.43576564424521,170.70723764539878,246.143003289644,0.1626211494309968
2025-10-19 13:27:04.158940,0.167292132717544,edge,2,84.85798718470521,167.292132717544,252.15011990224923,0.16255135817144206
2025-10-19 13:27:04.225166,0.16744423686239737,edge,0,66.79043951211396,167.44423686239736,234.23467637451134,0.16258287007679287
2025-10-19 13:27:04.291391,0.17170069719292105,edge,1,71.94689002434407,171.70069719292104,243.6475872172651,0.1626813484555194
2025-10-19 13:27:04.357616,0.17058430471375788,edge,2,147.62588307118833,170.5843047137579,318.2101877849462,0.16279588068685147
2025-10-19 13:27:04.423841,0.16757458707141484,edge,0,78.4155869435262,167.57458707141484,245.99017401494106,0.16304586701811336
2025-10-19 13:27:04.490066,0.17146302099390218,edge,1,75.6947868996575,171.46302099390218,247.15780789355966,0.16308625676428337
2025-10-19 13:27:04.556291,0.15423152508607144,edge,2,80.87943047762347,154.23152508607143,235.11095556369492,0.16310499441046744
2025-10-19 13:27:04.622517,0.1587371353605512,edge,0,57.441330855083955,158.7371353605512,216.17846621563515,0.16303237466524295
2025-10-19 13:27:04.688742,0.1752170432969528,edge,1,68.78855442916003,175.21704329695282,244.00559772611285,0.16320592404290477
2025-10-19 13:27:04.754967,0.1477436437707061,edge,2,78.65374100265313,147.7436437707061,226.39738477335925,0.16313139390586037
2025-10-19 13:27:04.821192,0.1669280441024161,edge,0,79.99334393473615,166.9280441024161,246.92138803715224,0.16345790450533318
2025-10-19 13:27:04.887417,0.16496239630349055,edge,1,68.64892320507856,164.96239630349055,233.61131950856912,0.16368023341320043
2025-10-19 13:27:04.953642,0.16190688871552106,edge,2,78.61710687058402,161.90688871552106,240.5239955861051,0.16387057790671686
2025-10-19 13:27:05.019868,0.17319509661525892,edge,0,99.57709930443812,173.19509661525893,272.772195919697,0.16387119784095092
2025-10-19 13:27:05.086093,0.17721408756038007,edge,1,83.24432771350617,177.21408756038008,260.45841527388626,0.16414055887136875
2025-10-19 13:27:05.152318,0.1668459222960533,edge,2,98.93132680777838,166.8459222960533,265.77724910383165,0.16446885769509512
2025-10-19 13:27:05.218543,0.17483126726310788,edge,0,85.7334085381133,174.8312672631079,260.56467580122114,0.1648527154271891
2025-10-19 13:27:05.284768,0.17266526833854456,edge,1,93.38571204318204,172.66526833854456,266.05098038172656,0.16507416594651084
2025-10-19 13:27:05.350993,0.1681824657002529,edge,2,77.22985015735343,168.1824657002529,245.4123158576063,0.16499862848462893
2025-10-19 13:27:05.417219,0.14801635772858976,edge,0,86.3017497128211,148.01635772858975,234.31810744141086,0.16492993791086552
2025-10-19 13:27:05.483444,0.1529833118802952,edge,1,85.83600314638024,152.98331188029522,238.81931502667544,0.1644923933724704
2025-10-19 13:27:05.549669,0.17754519109242176,edge,2,73.87122348668231,177.54519109242176,251.41641457910407,0.16499852049624913
2025-10-19 13:27:05.615894,0.1780919569689561,edge,0,73.28369224583899,178.0919569689561,251.37564921479512,0.1651458448438525
2025-10-19 13:27:05.682119,0.170437511421336,edge,1,68.22696642460046,170.437511421336,238.66447784593646,0.1650011735484787
2025-10-19 13:27:05.748344,0.16592743307190982,edge,2,64.3441289866091,165.92743307190983,230.27156205851892,0.16518916914533016
2025-10-19 13:27:05.814570,0.16367668852452688,edge,0,78.34563625286972,163.67668852452687,242.0223247773966,0.16494131377969776
2025-10-19 13:27:05.880795,0.16499804830757217,edge,1,96.71532072947807,164.99804830757216,261.7133690370502,0.16499450287359171
2025-10-19 13:27:05.947020,0.17014318515906124,edge,2,40.66789297511606,170.14318515906123,210.81107813417728,0.1652281473534364
2025-10-19 13:27:06.013245,0.15827882166432333,edge,0,70.68467087901281,158.27882166432335,228.96349254333614,0.1648800025406331
2025-10-19 13:27:06.079470,0.15950688952837302,edge,1,63.522926360381966,159.50688952837302,223.02981588875497,0.16496675585256765
2025-10-19 13:27:06.145695,0.16170204231878416,edge,2,112.39685541736588,161.70204231878415,274.09889773615004,0.16512349168117224
2025-10-19 13:27:06.211921,0.17493156930178688,edge,0,84.06425083646376,174.93156930178688,258.9958201382506,0.1651646561142021
2025-10-19 13:27:06.278146,0.17673176824286566,edge,1,81.59598509643743,176.73176824286566,258.32775333930306,0.16566900077336627
2025-10-19 13:27:06.344371,0.1502811111247584,edge,2,73.89185340265942,150.28111112475838,224.1729645274178,0.16553503142716575
2025-10-19 13:27:06.410596,0.15409214082592362,edge,0,88.42970671218694,154.09214082592362,242.52184753811056,0.16526124496735103
2025-10-19 13:27:06.476821,0.17299599797849108,edge,1,75.51135183503398,172.9959979784911,248.50734981352508,0.16561344094326816
2025-10-19 13:27:06.543046,0.1759483545790995,edge,2,85.5621442811229,175.9483545790995,261.51049886022236,0.16567982328533787
2025-10-19 13:27:06.609272,0.17708177026344177,edge,0,88.97625795336532,177.08177026344177,266.0580282168071,0.16604347462469732
2025-10-19 13:27:06.675497,0.16583809756717596,edge,1,77.298210351169,165.83809756717596,243.13630791834495,0.16584038153873312
2025-10-19 13:27:06.741722,0.1509571641908948,edge,2,103.22508466883846,150.95716419089482,254.18224885973328,0.1656520007971511
2025-10-19 13:27:06.807947,0.16804450629096596,edge,0,83.2361085923516,168.04450629096596,251.28061488331755,0.1655386141209741
2025-10-19 13:27:06.874172,0.16664435878918016,edge,1,98.57354728814437,166.64435878918016,265.2179060773245,0.16572576090638433
2025-10-19 13:27:06.940397,0.1704008324553553,edge,2,77.74339526957064,170.4008324553553,248.14422772492594,0.16586891635377066
2025-10-19 13:27:07.006623,0.16739155941343697,edge,0,87.15583576018837,167.39155941343697,254.54739517362535,0.16564793234390734
2025-10-19 13:27:07.072848,0.14923420571839563,edge,1,85.14633468145749,149.23420571839563,234.38054039985312,0.1654975180462625
2025-10-19 13:27:07.139073,0.15351625660708246,edge,2,72.67345096783468,153.51625660708245,226.18970757491712,0.16530789891016678
2025-10-19 13:27:07.205298,0.1664343094132438,edge,0,78.26328704382034,166.4343094132438,244.69759645706412,0.1654743415127914
2025-10-19 13:27:07.271523,0.15236034220331932,edge,1,73.57058168815513,152.3603422033193,225.93092389147446,0.16553351553999376
2025-10-19 13:27:07.337748,0.15639947940067886,edge,2,88.43521160113104,156.39947940067887,244.83469100180992,0.16540036527277777
2025-10-19 13:27:07.403974,0.17642811450430262,edge,0,86.26382164349323,176.4281145043026,262.69193614779584,0.16551478280995585
2025-10-19 13:27:07.470199,0.16202595778161738,edge,1,159.14058891658698,162.0259577816174,321.16654669820434,0.1654094593112373
2025-10-19 13:27:07.536424,0.17833731023368826,edge,2,94.58569302278164,178.33731023368827,272.9230032564699,0.1656273207786631
2025-10-19 13:27:07.602649,0.16823776600725637,edge,0,72.12134567974577,168.23776600725637,240.35911168700213,0.16555806215494986
2025-10-19 13:27:07.668874,0.17509216647163986,edge,1,88.98237042369999,175.09216647163987,264.07453689533986,0.1656482193901075
2025-10-19 13:27:07.735099,0.17374820987723918,edge,2,74.70143914984948,173.7482098772392,248.44964902708867,0.16577169184622395
2025-10-19 13:27:07.801325,0.15688723011720537,edge,0,76.12410823782086,156.88723011720538,233.01133835502625,0.16548017602869003
2025-10-19 13:27:07.867550,0.1544916870087813,edge,1,94.24240223351858,154.4916870087813,248.7340892422999,0.16548537926714424
2025-10-19 13:27:07.933775,0.1793259584717738,edge,2,76.33153970627494,179.3259584717738,255.6574981780487,0.16589715572936867
2025-10-19 13:27:08.000000,0.3680097069942718,cloud,0,9.9028994357246,368.0097069942718,377.9126064299964,0.16975300900331505
2025-10-19 13:27:08.066225,0.3870034066032214,cloud,1,11.65714618911545,387.00340660322144,398.6605527923369,0.17453820425996538
2025-10-19 13:27:08.132450,0.39075856463010566,cloud,2,9.985416262411759,390.75856463010564,400.74398089251747,0.17901481467051916
2025-10-19 13:27:08.198675,0.3493179121025017,cloud,0,8.191860685794719,349.3179121025017,357.5097727882964,0.1827019249864994
2025-10-19 13:27:08.264901,0.3815778405296926,cloud,1,10.862263969397674,381.57784052969265,392.4401044990903,0.18709534402278283
2025-10-19 13:27:08.331126,0.35804699884435803,cloud,2,10.64965120975739,358.04699884435803,368.6966500541154,0.19079238206736482
2025-10-19 13:27:08.397351,0.3682783480204251,cloud,0,13.538448664998178,368.2783480204251,381.8167966854233,0.1946136672765657
2025-10-19 13:27:08.463576,0.38569474795509795,cloud,1,9.783237258497158,385.69474795509797,395.4779852135951,0.1989906437897466
2025-10-19 13:27:08.529801,0.399567737400369,cloud,2,17.396743743108,399.56773740036897,416.96448114347703,0.20348537319249183
2025-10-19 13:27:08.596026,0.3913624396329352,cloud,0,8.370712850726203,391.3624396329352,399.7331524836614,0.20785931661837964
2025-10-19 13:27:08.662252,0.40039634420990317,cloud,1,6.429325414613309,400.3963442099032,406.8256696245165,0.21250359418857262
2025-10-19 13:27:08.728477,0.35903780959614046,cloud,2,10.33837060049904,359.03780959614045,369.3761801966395,0.21672402322592363
2025-10-19 13:27:08.794702,0.34939047323929834,cloud,0,8.966724722399045,349.39047323929833,358.3571979616974,0.22065216645310368
2025-10-19 13:27:08.860927,0.4043471217207669,cloud,1,10.246441863204403,404.34712172076695,414.59356358397133,0.2251882050656706
2025-10-19 13:27:08.927152,0.35020659994166675,cloud,2,10.734426048615799,350.20659994166675,360.9410259902825,0.2286304979251248
2025-10-19 13:27:08.993377,0.4035490589700454,cloud,0,11.269653126214479,403.5490589700454,414.81871209625984,0.233292728876099
2025-10-19 13:27:09.059603,0.3909140903036312,cloud,1,9.079244531040668,390.9140903036312,399.9933348346719,0.23779246202073342
2025-10-19 13:27:09.125828,0.40440875913469637,cloud,2,22.685574246791873,404.40875913469637,427.09433338148824,0.24260710343293682
2025-10-19 13:27:09.192053,0.36410935274231115,cloud,0,9.198407672167187,364.10935274231116,373.3077604144783,0.2465893295216316
2025-10-19 13:27:09.258278,0.38481743206396973,cloud,1,11.408085425079344,384.81743206396976,396.225517489049,0.25088281445972976
2025-10-19 13:27:09.324503,0.38660976006132464,cloud,2,13.4792821109575,386.60976006132466,400.0890421722821,0.2554494332276698
2025-10-19 13:27:09.390728,0.38388841046569844,cloud,0,10.234941935401073,383.8884104656984,394.1233524010995,0.25993706364641633
2025-10-19 13:27:09.456954,0.3601101865592205,cloud,1,8.555068736675404,360.1101865592205,368.66525529589586,0.26390522653122506
2025-10-19 13:27:09.523179,0.3496520364432238,cloud,2,11.10813632593961,349.6520364432238,360.7601727691634,0.2673996358740538
2025-10-19 13:27:09.589404,0.37100620504557763,cloud,0,12.378375893845927,371.00620504557764,383.3845809394236,0.271285124610108
2025-10-19 13:27:09.655629,0.371133439691487,cloud,1,9.141253968872915,371.133439691487,380.27469366035996,0.2757021711814426
2025-10-19 13:27:09.721854,0.3604181165541259,cloud,2,6.507899576562009,360.4181165541259,366.9260161306879,0.27982869069600663
2025-10-19 13:27:09.788079,0.3924138217703489,cloud,0,11.26250976460534,392.4138217703489,403.6763315349543,0.2842170471718438
2025-10-19 13:27:09.854305,0.3535700449942569,cloud,1,8.402039713004593,353.57004499425693,361.9720847072615,0.28776948098014693
2025-10-19 13:27:09.920530,0.35338141812616897,cloud,2,10.872725113926915,353.38141812616897,364.25414324009586,0.29129547393740146
2025-10-19 13:27:09.986755,0.3611883463804796,cloud,0,8.557279155102176,361.1883463804796,369.7456255355818,0.2952024789136675
2025-10-19 13:27:10.052980,0.3742126529664094,cloud,1,9.100223333243179,374.2126529664094,383.31287629965254,0.29966758868917787
2025-10-19 13:27:10.119205,0.36098329829021586,cloud,2,13.243356124982048,360.9832982902159,374.2266544151979,0.3035263645291628
2025-10-19 13:27:10.185430,0.4015036614258501,cloud,0,8.467020141330865,401.5036614258501,409.970681567181,0.30822355058189627
2025-10-19 13:27:10.251656,0.3887488357939475,cloud,1,12.515277158202936,388.7488357939475,401.2641129521504,0.3125905106486681
2025-10-19 13:27:10.317881,0.372709104118137,cloud,2,10.917457132756553,372.709104118137,383.6265612508936,0.3166968615427621
2025-10-19 13:27:10.384106,0.36888558514041164,cloud,0,9.880610347003262,368.88558514041165,378.7661954874149,0.3210898891312024
2025-10-19 13:27:10.450331,0.39673364343256423,cloud,1,10.813960378211867,396.73364343256424,407.5476038107761,0.3259542368677121
2025-10-19 13:27:10.516556,0.36342321959815754,cloud,2,12.053683185013973,363.4232195981575,375.4769027831715,0.3298940150714103
2025-10-19 13:27:10.582781,0.3831072578763169,cloud,0,4.544143116465499,383.1072578763169,387.6514009927824,0.33450895338487024
2025-10-19 13:27:10.649007,0.39092526609978623,cloud,1,8.379740931084182,390.92526609978626,399.3050070308704,0.3391994691188524
2025-10-19 13:27:10.715232,0.3949392996009697,cloud,2,7.925639835652166,394.93929960096966,402.86493943662185,0.34356969282078575
2025-10-19 13:27:10.781457,0.40022691194931587,cloud,0,9.91410833326906,400.2269119493159,410.1410202825849,0.3483337119041397
2025-10-19 13:27:10.847682,0.3652278675503795,cloud,1,9.54935587774584,365.22786755037953,374.77722342812535,0.35207152305047357
2025-10-19 13:27:10.913907,0.38697342373278687,cloud,2,8.733758584149303,386.97342373278684,395.7071823169362,0.3564462362049842
2025-10-19 13:27:10.980132,0.3944691681322836,cloud,0,9.723705109823692,394.4691681322836,404.1928732421073,0.36083377623819707
2025-10-19 13:27:11.046358,0.36264317816617925,cloud,1,8.911994839307608,362.64317816617927,371.55517300548684,0.36461167560397584
2025-10-19 13:27:11.112583,0.3940026916314223,cloud,2,9.656471009507193,394.0026916314223,403.6591626409295,0.3693539848342602
2025-10-19 13:27:11.178808,0.38851298054987904,cloud,0,10.224604450660497,388.51298054987905,398.7375850005395,0.37403441070508214
2025-10-19 13:27:11.245033,0.3561689834637855,cloud,1,12.118767060451134,356.1689834637855,368.2877505242366,0.37757127120492234
2025-10-19 13:27:11.311258,0.37973676709420146,cloud,2,10.857013978393894,379.73676709420147,390.59378107259533,0.37780581240692096
2025-10-19 13:27:11.377483,0.3801717400240029,cloud,0,9.748296075955256,380.1717400240029,389.9200360999581,0.3776691790753366
2025-10-19 13:27:11.443709,0.3576118947056358,cloud,1,9.845634163480844,357.6118947056358,367.45752886911663,0.3770062456768472
2025-10-19 13:27:11.509934,0.37113094834630983,cloud,2,8.628871073464849,371.1309483463098,379.75981941977466,0.37744250640172333
2025-10-19 13:27:11.576159,0.36655227979531324,cloud,0,10.142683636665852,366.55227979531327,376.6949634319791,0.3771419951870358
2025-10-19 13:27:11.642384,0.39972607827550494,cloud,1,11.827557136400959,399.72607827550496,411.5536354119059,0.37797557677565874
2025-10-19 13:27:11.708609,0.3950004653491271,cloud,2,9.263112651589594,395.00046534912707,404.2635780007167,0.37851001912223275
2025-10-19 13:27:11.774834,0.3964698506283302,cloud,0,10.908359437172187,396.46985062833016,407.37821006550234,0.3787255211756974
2025-10-19 13:27:11.841060,0.3523910146056374,cloud,1,23.741978777880725,352.3910146056374,376.13299338351806,0.3777819867198028
2025-10-19 13:27:11.907285,0.3969202250980173,cloud,2,10.448499420745907,396.9202250980173,407.36872451876314,0.37789314242910443
2025-10-19 13:27:11.973510,0.36521161726621,cloud,0,11.911001360137034,365.21161726621,377.122618626347,0.37718944789023046
2025-10-19 13:27:12.039735,0.3622222476496732,cloud,1,9.906328304322491,362.2222476496732,372.12857595399566,0.3772531366513012
2025-10-19 13:27:12.105960,0.37612234412912166,cloud,2,8.85230988547732,376.12234412912164,384.97465401459897,0.3777877740690976
2025-10-19 13:27:12.172185,0.3950735244741118,cloud,0,11.115601203736599,395.0735244741118,406.18912567784844,0.37760230212416457
2025-10-19 13:27:12.238411,0.3635731491126303,cloud,1,12.492169781524273,363.5731491126303,376.0653188941546,0.3778696331075838
2025-10-19 13:27:12.304636,0.37517035102799606,cloud,2,10.157882912486835,375.17035102799605,385.3282339404829,0.3773020589487428
2025-10-19 13:27:12.370861,0.38467839247851715,cloud,0,7.99922587342124,384.67839247851714,392.67761835193835,0.3771773449922405
2025-10-19 13:27:12.437086,0.3882020561434635,cloud,1,7.294558609849899,388.2020561434635,395.4966147533134,0.37685321093241586
2025-10-19 13:27:12.503311,0.3637266984377887,cloud,2,10.45476052521125,363.7266984377887,374.18145896299995,0.37684555784632545
2025-10-19 13:27:12.569536,0.3833596626816753,cloud,0,10.125311315324332,383.35966268167533,393.48497399699966,0.37681640245867953
2025-10-19 13:27:12.635762,0.3879747065018706,cloud,1,10.09933967362137,387.9747065018706,398.07404617549196,0.37684370138749046
2025-10-19 13:27:12.701987,0.3839005174868703,cloud,2,9.372061866701308,383.90051748687034,393.27257935357164,0.37684394352791395
2025-10-19 13:27:12.768212,0.3916999534825931,cloud,0,12.673042701086615,391.6999534825931,404.37299618367973,0.37747573886638136
2025-10-19 13:27:12.834437,0.38179129163231296,cloud,1,7.756377338626889,381.79129163231295,389.54766897093987,0.37811852397016316
2025-10-19 13:27:12.900662,0.3799091490913734,cloud,2,9.655569682064808,379.9091490913734,389.56471877343824,0.3782965828510791
2025-10-19 13:27:12.966887,0.4004783322968125,cloud,0,9.69409476145894,400.47833229681254,410.17242705827147,0.37888348070318556
2025-10-19 13:27:13.033113,0.3587424076181778,cloud,1,10.336446713393917,358.7424076181778,369.07885433157173,0.3788499665244666
2025-10-19 13:27:13.099338,0.35352104064778495,cloud,2,11.233535092763505,353.52104064778496,364.75457574054843,0.3780721109020153
2025-10-19 13:27:13.165563,0.40343341763278073,cloud,0,9.148852641798195,403.43341763278073,412.58227027457895,0.3790693783547858
2025-10-19 13:27:13.231788,0.3536273590542292,cloud,1,9.488897467109535,353.6273590542292,363.1162565213387,0.379074297173347
2025-10-19 13:27:13.298013,0.3600391469459249,cloud,2,11.38766785771186,360.0391469459249,371.4268148036368,0.379051313184656
2025-10-19 13:27:13.364238,0.39838317308776267,cloud,0,8.366780302392819,398.38317308776266,406.74995339015544,0.379534723587083
2025-10-19 13:27:13.430464,0.3692101043579825,cloud,1,7.53962977984328,369.2101043579825,376.7497341378258,0.3796992597084383
2025-10-19 13:27:13.496689,0.3751451792090094,cloud,2,12.36218056308256,375.1451792090094,387.507359772092,0.3791720900641015
2025-10-19 13:27:13.562914,0.3550019171355716,cloud,0,9.519247504541422,355.0019171355716,364.521164640113,0.378497151690934
2025-10-19 13:27:13.629139,0.3711815384827539,cloud,1,9.209048266538549,371.1815384827539,380.3905867492925,0.3784666003782263
2025-10-19 13:27:13.695364,0.3743614949931764,cloud,2,9.375075464183102,374.3614949931764,383.7365704573595,0.3785761185752816
2025-10-19 13:27:13.761589,0.3667465780088507,cloud,0,10.551260020714965,366.7465780088507,377.29783802956564,0.37797637726680733
2025-10-19 13:27:13.827815,0.38764730740625286,cloud,1,11.14158463041287,387.6473074062529,398.78889203666574,0.3784608590229693
2025-10-19 13:27:13.894040,0.38328716248906763,cloud,2,9.2014589625782,383.2871624890676,392.4886214516458,0.37846445711522425
2025-10-19 13:27:13.960265,0.3788283860350038,cloud,0,12.150960654226543,378.8283860350038,390.97934668923034,0.3782225195139286
2025-10-19 13:27:14.026490,0.35560218054203413,cloud,1,9.003448722993673,355.60218054203415,364.6056292650278,0.37743577713274995
2025-10-19 13:27:14.092715,0.3819712102471179,cloud,2,11.457193472211776,381.9712102471179,393.4284037193297,0.37707066309870596
2025-10-19 13:27:14.158940,0.36164205088318785,cloud,0,7.536861903316912,361.64205088318784,369.1789127865048,0.3769989467653621
2025-10-19 13:27:14.225166,0.3687986506633254,cloud,1,10.147661779782762,368.7986506633254,378.9463124431082,0.3766354513039729
2025-10-19 13:27:14.291391,0.376685126100012,cloud,2,18.2563597726458,376.685126100012,394.9414858726578,0.37627977046332745
2025-10-19 13:27:14.357616,0.38812330892629576,cloud,0,11.566490167551223,388.12330892629575,399.689799093847,0.3767893730785298
2025-10-19 13:27:14.423841,0.35582755408924704,cloud,1,11.592525601489754,355.82755408924703,367.4200796907368,0.37602587032768625
2025-10-19 13:27:14.490066,0.39891555923690425,cloud,2,9.607655807734115,398.91555923690424,408.52321504463833,0.37623392190142674
2025-10-19 13:27:14.556291,0.3520961665481316,cloud,0,11.653799490181402,352.0961665481316,363.749966038313,0.3761524655631137
2025-10-19 13:27:14.622517,0.39378150569312304,cloud,1,11.349450792526195,393.78150569312305,405.1309564856492,0.37643336033509217
2025-10-19 13:27:14.688742,0.3734996680573497,cloud,2,7.869585038018488,373.4996680573497,381.36925309536815,0.37629991889575903
2025-10-19 13:27:14.754967,0.3702290771045831,cloud,0,6.433169365973652,370.2290771045831,376.66224647055674,0.376552262543738
2025-10-19 13:27:14.821192,0.38897738375558544,cloud,1,11.306636186505756,388.97738375558544,400.28401994209116,0.37690919125192357
2025-10-19 13:27:14.887417,0.3865343542309632,cloud,2,23.801281547067653,386.53435423096323,410.3356357780309,0.3773088327406365
2025-10-19 13:27:14.953642,0.36809003253643235,cloud,0,9.541394117441373,368.0900325364324,377.63142665387375,0.37667611182585503
2025-10-19 13:27:15.019868,0.4013458537344711,cloud,1,10.066488314105046,401.3458537344711,411.4123420485762,0.376803019593562
2025-10-19 13:27:15.086093,0.38617156432330774,cloud,2,8.335523408871673,386.17156432330773,394.5070877321794,0.37659705386746156
2025-10-19 13:27:15.152318,0.3904448372615421,cloud,0,10.920273957795848,390.4448372615421,401.3651112193379,0.37735813032057963
2025-10-19 13:27:15.218543,0.35551006514278166,cloud,1,9.794305240427159,355.5100651427817,365.30437038320883,0.37652992712147487
2025-10-19 13:27:15.284768,0.3662572452170952,cloud,2,6.615342490422999,366.2572452170952,372.87258770751816,0.37655083968049263
2025-10-19 13:27:15.350993,0.3587709132946896,cloud,0,8.738661426955629,358.7709132946896,367.5095747216452,0.3764818129933929
2025-10-19 13:27:15.417219,0.37869706825514426,cloud,1,8.511849142451036,378.69706825514425,387.20891739759526,0.3765333074759134
2025-10-19 13:27:15.483444,0.3873232478844251,cloud,2,10.843266470507304,387.32324788442514,398.1665143549324,0.3763783019441196
2025-10-19 13:27:15.549669,0.3915258646236805,cloud,0,12.23731779592709,391.5258646236805,403.7631824196076,0.37693735625434066
2025-10-19 13:27:15.615894,0.3765483569287539,cloud,1,13.547827201481004,376.5483569287539,390.0961841302349,0.3769649163723558
2025-10-19 13:27:15.682119,0.3979353344442446,cloud,2,9.01981230334854,397.93533444424463,406.9551467475931,0.3772300552116704
2025-10-19 13:27:15.748344,0.3849421280316439,cloud,0,8.512859428722392,384.9421280316439,393.4549874603663,0.377164856649434
2025-10-19 13:27:15.814570,0.39679104934828613,cloud,1,21.344074167400503,396.79104934828615,418.13512351568664,0.37782614366764394
2025-10-19 13:27:15.880795,0.36580004262934024,cloud,2,22.50807797754025,365.8000426293402,388.3081206068805,0.3774749512665972
2025-10-19 13:27:15.947020,0.35311988763070895,cloud,0,8.040939219043942,353.11988763070894,361.1608268497529,0.37677785488917404
2025-10-19 13:27:16.013245,0.3758010933029118,cloud,1,8.489583193626368,375.8010933029118,384.29067649653814,0.3766158664054948
2025-10-19 13:27:16.079470,0.3740265941291842,cloud,2,12.813979203864184,374.0265941291842,386.8405733330484,0.3762623992184267
2025-10-19 13:27:16.145695,0.36056569241958025,cloud,0,11.660352154676191,360.5656924195803,372.22604457425643,0.375837887234172
2025-10-19 13:27:16.211921,0.35959462486702065,cloud,1,9.378423652887504,359.5946248670206,368.97304851990816,0.37543159674968485
2025-10-19 13:27:16.278146,0.40368512361438824,cloud,2,7.664804238540371,403.68512361438826,411.3499278529286,0.37549573257603647
2025-10-19 13:27:16.344371,0.3679968822870627,cloud,0,8.99647894428255,367.9968822870627,376.99336123134526,0.37568082206941417
2025-10-19 13:27:16.410596,0.3885975108692967,cloud,1,19.467288863866415,388.59751086929674,408.0647997331631,0.37638235147384436
2025-10-19 13:27:16.476821,0.35897791485721714,cloud,2,10.247543300790284,358.9779148572171,369.2254581580074,0.3754932414183331
2025-10-19 13:27:16.543046,0.3792165647218056,cloud,0,11.156566101367263,379.2165647218056,390.37313082317286,0.37600502553168463
2025-10-19 13:27:16.609272,0.37056932983493723,cloud,1,11.593063905656253,370.5693298349372,382.1623937405935,0.37621562918946483
2025-10-19 13:27:16.675497,0.397211702662424,cloud,2,11.106657019742507,397.211702662424,408.3183596821665,0.3761921997809581
2025-10-19 13:27:16.741722,0.3536007266512155,cloud,0,8.512687642672034,353.6007266512155,362.11341429388756,0.3758800122268227
2025-10-19 13:27:16.807947,0.40020363043419,cloud,1,11.638471177451555,400.20363043419,411.8421016116415,0.37638118125132636
2025-10-19 13:27:16.874172,0.3810523661338953,cloud,2,7.788546936717045,381.0523661338953,388.8409130706124,0.3769021902312928
2025-10-19 13:27:16.940397,0.388629154474708,cloud,0,8.324479883768637,388.629154474708,396.9536343584766,0.37725114255113196
2025-10-19 13:27:17.006623,0.38495371005580636,cloud,1,10.552042221235837,384.95371005580637,395.50575227704223,0.3774629868523845
2025-10-19 13:27:17.072848,0.3683027410416335,cloud,2,9.971757429250168,368.3027410416335,378.27449847088366,0.3774941101130402
2025-10-19 13:27:17.139073,0.3823343176844029,cloud,0,10.834966523506848,382.3343176844029,393.16928420790975,0.37738785031860317
2025-10-19 13:27:17.205298,0.3844139301461357,cloud,1,12.573899397611688,384.41393014613567,396.98782954374735,0.37741038567174456
2025-10-19 13:27:17.271523,0.39256415714731735,cloud,2,12.454422989825142,392.56415714731736,405.01858013714246,0.3776851010939909
2025-10-19 13:27:17.337748,0.3782035359223922,cloud,0,10.932527543014382,378.2035359223922,389.13606346540655,0.378137128201598
2025-10-19 13:27:17.403974,0.3500471791644822,cloud,1,12.842733368713372,350.0471791644822,362.88991253319557,0.3774986475799452
2025-10-19 13:27:17.470199,0.35558752118465003,cloud,2,11.371360811745001,355.58752118465003,366.95888199639506,0.37737755698597447
2025-10-19 13:27:17.536424,0.3634560980824441,cloud,0,8.665668613635619,363.4560980824441,372.1217666960797,0.37727070593435685
2025-10-19 13:27:17.602649,0.39940252842802015,cloud,1,11.695171055127402,399.40252842802016,411.09769948314755,0.37772505398091705
2025-10-19 13:27:17.668874,0.3596898069271358,cloud,2,10.829721670173596,359.6898069271358,370.51952859730943,0.3771563839409338
2025-10-19 13:27:17.735099,0.3496409725222146,cloud,0,8.818269387882918,349.6409725222146,358.45924191009755,0.37703265230959326
2025-10-19 13:27:17.801325,0.37168178476881675,cloud,1,7.1186178874358745,371.6817847688167,378.80040265625263,0.37648797682023144
2025-10-19 13:27:17.867550,0.3629524231993634,cloud,2,14.530569836808583,362.9524231993634,377.48299303617193,0.37670510195325607
2025-10-19 13:27:17.933775,0.39615408928997564,cloud,0,7.271490551221441,396.1540892899756,403.4255798411971,0.3767525536251931
2025-10-19 13:27:18.000000,0.37497428027916446,cloud,1,8.50016859252724,374.9742802791645,383.47444887169166,0.37678204586962943
2025-10-19 13:27:18.066225,0.3854218519001328,cloud,2,10.128230711873876,385.42185190013276,395.55008261200663,0.37708590136554043
2025-10-19 13:27:18.132450,0.35809100242339986,cloud,0,15.449498433088074,358.09100242339986,373.54050085648794,0.3764681737388967
2025-10-19 13:27:18.198675,0.3962296955125871,cloud,1,8.44390687498984,396.22969551258706,404.6736023875769,0.3766620805645292
2025-10-19 13:27:18.264901,0.3580498305685017,cloud,2,9.231846332659966,358.0498305685017,367.28167690116163,0.3764612765251706
2025-10-19 13:27:18.331126,0.35163779949354007,cloud,0,11.161891450423674,351.63779949354006,362.79969094396375,0.375467115440352
2025-10-19 13:27:18.397351,0.397077747311211,cloud,1,9.891389838290738,397.077747311211,406.9691371495017,0.37568523910011004
2025-10-19 13:27:18.463576,0.3976024204979633,cloud,2,11.671009322330457,397.6024204979633,409.27342982029376,0.3758283907648384
2025-10-19 13:27:18.529801,0.3513108679895681,cloud,0,9.615452875323305,351.3108679895681,360.9263208648914,0.3757444068217742
2025-10-19 13:27:18.596026,0.39122923426144446,cloud,1,10.308625979100464,391.22923426144445,401.53786024054494,0.3762438466026612
2025-10-19 13:27:18.662252,0.40356090327604244,cloud,2,10.344566304876727,403.56090327604244,413.90546958091915,0.37713964640228814
2025-10-19 13:27:18.728477,0.37751811682798125,cloud,0,7.794606587830497,377.51811682798126,385.3127234158117,0.377116067373745
2025-10-19 13:27:18.794702,0.3616389332642181,cloud,1,12.145890119715453,361.6389332642181,373.78482338393354,0.3766023810813408
2025-10-19 13:27:18.860927,0.392001272048084,cloud,2,9.855717348969105,392.001272048084,401.8569893970531,0.37661188922982886
2025-10-19 13:27:18.927152,0.3945367709567986,cloud,0,6.627355852438681,394.53677095679865,401.1641268092373,0.3769716575103898
2025-10-19 13:27:18.993377,0.36482514634351415,cloud,1,9.43647752658706,364.8251463435142,374.2616238701012,0.37630945374837516
2025-10-19 13:27:19.059603,0.39113585219533764,cloud,2,7.7940336731666156,391.13585219533763,398.92988586850424,0.37643332823164904
2025-10-19 13:27:19.125828,0.39497762289630844,cloud,0,10.714062099309887,394.97762289630845,405.6916849956183,0.3763970597026095
2025-10-19 13:27:19.192053,0.3879049543107047,cloud,1,11.73286159629568,387.9049543107047,399.63781590700034,0.37683915793623685
2025-10-19 13:27:19.258278,0.37910708706777274,cloud,2,5.883656308931292,379.10708706777274,384.990743376704,0.37735890192497806
2025-10-19 13:27:19.324503,0.37000717698949487,cloud,0,12.861857421530493,370.0071769894949,382.8690344110254,0.3772430235987097
2025-10-19 13:27:19.390728,0.36064238499132195,cloud,1,9.431807883086499,360.64238499132193,370.0741928744085,0.37697533941595246
2025-10-19 13:27:19.456954,0.3654269610522167,cloud,2,10.71358487754877,365.4269610522167,376.1405459297655,0.37707256478860524
2025-10-19 13:27:19.523179,0.3609076879393875,cloud,0,9.462212461218952,360.9076879393875,370.36990040060647,0.37709882605005257
2025-10-19 13:27:19.589404,0.37432283658495535,cloud,1,11.607220702911961,374.3228365849553,385.9300572878673,0.37651158030946386
2025-10-19 13:27:19.655629,0.4003822308165439,cloud,2,9.028129776530507,400.3822308165439,409.4103605930744,0.37715928728005355
2025-10-19 13:27:19.721854,0.3930644358546816,cloud,0,9.070645761780144,393.0644358546816,402.1350816164617,0.3772486257797612
2025-10-19 13:27:19.788079,0.3992248157265995,cloud,1,11.352175554422328,399.2248157265995,410.57699128102183,0.3780535637971489
2025-10-19 13:27:19.854305,0.3979738514994571,cloud,2,7.944804269769938,397.97385149945706,405.91865576922703,0.37842870953270186
2025-10-19 13:27:19.920530,0.3601845937386859,cloud,0,7.99726803030159,360.18459373868586,368.18186176898746,0.37822101481077686
2025-10-19 13:27:19.986755,0.3769375319304559,cloud,1,11.280598730378427,376.9375319304559,388.21813066083433,0.3778155313961375
2025-10-19 13:27:20.052980,0.3854171208318463,cloud,2,10.561497854464518,385.4171208318463,395.9786186863108,0.3784518592797501
2025-10-19 13:27:20.119205,0.35956003565087363,cloud,0,9.523140622261296,359.56003565087366,369.08317627313494,0.3776389873840838
2025-10-19 13:27:20.185430,0.3846957970125504,cloud,1,11.341453553095416,384.69579701255043,396.0372505656458,0.37771185600165696
2025-10-19 13:27:20.251656,0.38395090424392675,cloud,2,7.1361451646740415,383.95090424392674,391.08704940860076,0.37761829099704125
2025-10-19 13:27:20.317881,0.3782259352780684,cloud,0,10.16422036815792,378.2259352780684,388.39015564622633,0.37748373550148656
2025-10-19 13:27:20.384106,0.3588647796598369,cloud,1,8.279477230787554,358.86477965983687,367.14425689062443,0.37729497627385056
2025-10-19 13:27:20.450331,0.35633507955189775,cloud,2,10.92807809390976,356.33507955189776,367.26315764580755,0.3767749915112005
2025-10-19 13:27:20.516556,0.356138932429443,cloud,0,8.278918239541134,356.138932429443,364.41785066898416,0.3762094915568666
2025-10-19 13:27:20.582781,0.39796853355425554,cloud,1,11.962107676471998,397.96853355425554,409.93064123072753,0.3763175790850053
2025-10-19 13:27:20.649007,0.38966904888196846,cloud,2,9.393427805530422,389.6690488819685,399.0624766874989,0.3765468893441969
2025-10-19 13:27:20.715232,0.3683561633693831,cloud,0,10.840289611181966,368.35616336938307,379.196452980565,0.37691306902829497
2025-10-19 13:27:20.781457,0.38537492679630747,cloud,1,12.384477272064084,385.3749267963075,397.75940406837157,0.3775088171405281
2025-10-19 13:27:20.847682,0.38768417707905967,cloud,2,13.474079481977654,387.6841770790597,401.1582565610373,0.3779933787204604
2025-10-19 13:27:20.913907,0.3606003951640475,cloud,0,9.126844867050472,360.60039516404754,369.72724003109795,0.377217336055181
2025-10-19 13:27:20.980132,0.3630581441446103,cloud,1,8.701218120772916,363.0581441446103,371.7593622653832,0.3772847027995304
2025-10-19 13:27:21.046358,0.39017901343064315,cloud,2,9.815883129110206,390.1790134306431,399.99489655975333,0.37809546361769897
2025-10-19 13:27:21.112583,0.3656398122464383,cloud,0,7.877624704308297,365.63981224643834,373.5174369507466,0.37797462416725147
2025-10-19 13:27:21.178808,0.35029903583845645,cloud,1,15.246547740785164,350.29903583845646,365.5455835792416,0.37772155642003336
2025-10-19 13:27:21.245033,0.38502647987649424,cloud,2,10.449934088705165,385.02647987649425,395.4764139651994,0.3774990042317637
2025-10-19 13:27:21.311258,0.40242676849272035,cloud,0,8.270958871530025,402.4267684927203,410.69772736425034,0.3780480539960348
2025-10-19 13:27:21.377483,0.3720528032706234,cloud,1,8.807962761631716,372.0528032706234,380.8607660322551,0.3777806730234446
2025-10-19 13:27:21.443709,0.3999475860642877,cloud,2,9.88269051339059,399.9475860642877,409.83027657767826,0.37861780469626233
2025-10-19 13:27:21.509934,0.3811308187706655,cloud,0,7.799155240824022,381.13081877066554,388.92997401148955,0.3783158271614239
2025-10-19 13:27:21.576159,0.3519206269952907,cloud,1,11.43012526062583,351.9206269952907,363.3507522559165,0.37819324308995966
2025-10-19 13:27:21.642384,0.38753006628093517,cloud,2,12.182759751936848,387.53006628093516,399.712826032872,0.3789110884257076
2025-10-19 13:27:21.708609,0.37587795027292664,cloud,0,10.509992506085696,375.8779502729266,386.38794277901235,0.3784870924849419
2025-10-19 13:27:21.774834,0.3497461341068187,cloud,1,9.985113671577093,349.7461341068187,359.7312477783958,0.37752996675711903
2025-10-19 13:27:21.841060,0.4026649902622279,cloud,2,8.590259574355812,402.6649902622279,411.25524983658374,0.37855704920257227
2025-10-19 13:27:21.907285,0.3961632883315708,cloud,0,7.93070913964904,396.16328833157075,404.09399747121984,0.3786557302839747
2025-10-19 13:27:21.973510,0.3781718157718453,cloud,1,9.621509644169533,378.1718157718453,387.7933254160148,0.37814794853389083
2025-10-19 13:27:22.039735,0.39629398355293716,cloud,2,6.9355060516889075,396.29398355293716,403.22948960462605,0.3785234658683899
2025-10-19 13:27:22.105960,0.36048148990030926,cloud,0,10.733268379218813,360.48148990030927,371.2147582795281,0.37850031700111175
2025-10-19 13:27:22.172185,0.3729682302092754,cloud,1,8.128186675792612,372.96823020927536,381.09641688506804,0.3781196561643356
2025-10-19 13:27:22.238411,0.3992493806495543,cloud,2,9.375191096859695,399.24938064955427,408.624571746414,0.3782139083581907
2025-10-19 13:27:22.304636,0.3886800994847212,cloud,0,7.450535238527601,388.6800994847212,396.1306347232488,0.3786910074210148
2025-10-19 13:27:22.370861,0.3952683055441513,cloud,1,10.171954883462174,395.2683055441513,405.4402604276135,0.3787736564879911
2025-10-19 13:27:22.437086,0.36345544513083566,cloud,2,9.22641640296704,363.45544513083564,372.6818615338027,0.37814321293268166
2025-10-19 13:27:22.503311,0.3616435918611249,cloud,0,11.867382933270854,361.6435918611249,373.51097479439574,0.37761798568369004
2025-10-19 13:27:22.569536,0.3536203086370049,cloud,1,8.013431595348743,353.6203086370049,361.6337402323536,0.37710825011507465
2025-10-19 13:27:22.635762,0.39622007826878425,cloud,2,12.07349347899328,396.2200782687842,408.29357174777755,0.37763250814066046
2025-10-19 13:27:22.701987,0.39393350110238734,cloud,0,8.957135827109035,393.93350110238737,402.8906369294964,0.3782983304628818
2025-10-19 13:27:22.768212,0.3738575468563269,cloud,1,19.603364726244756,373.8575468563269,393.4609115825716,0.3784669421789639
2025-10-19 13:27:22.834437,0.3694369299440424,cloud,2,11.171170705813475,369.43692994404245,380.6081006498559,0.3786375270190571
2025-10-19 13:27:22.900662,0.35028065639466127,cloud,0,8.68131629205595,350.28065639466126,358.9619726867172,0.37815668341525127
2025-10-19 13:27:22.966887,0.36214873238497197,cloud,1,10.991579350189854,362.148732384972,373.14031173516184,0.3773920134466197
2025-10-19 13:27:23.033113,0.3681760846617618,cloud,2,7.8121569016966514,368.1760846617618,375.98824156345853,0.37689424642276137
2025-10-19 13:27:23.099338,0.35202483052732275,cloud,0,9.252622008115535,352.02483052732276,361.27745253543833,0.3759502467187758
2025-10-19 13:27:23.165563,0.3767721202162362,cloud,1,9.276891303459335,376.7721202162362,386.0490115196955,0.37552621209311143
2025-10-19 13:27:23.231788,0.3796332947451594,cloud,2,7.913510185715862,379.6332947451594,387.5468049308752,0.37591518611324093
2025-10-19 13:27:23.298013,0.38792118356410965,cloud,0,13.176399224865081,387.92118356410964,401.0975827889747,0.376134859145914
2025-10-19 13:27:23.364238,0.40130325357869207,cloud,1,7.581168656633792,401.3032535786921,408.8844222353258,0.37645258180085084
2025-10-19 13:27:23.430464,0.3526409916290796,cloud,2,12.052396796059206,352.64099162907956,364.6933884251388,0.37631420092041495
2025-10-19 13:27:23.496689,0.36303690569945507,cloud,0,11.249778245508837,363.0369056994551,374.2866839449639,0.37588102309415306
2025-10-19 13:27:23.562914,0.3796399215152383,cloud,1,8.922582578207434,379.6399215152383,388.56250409344574,0.37579480343957933
2025-10-19 13:27:23.629139,0.3551470673689862,cloud,2,12.960172892376578,355.1470673689862,368.1072402613628,0.37533322608139763
2025-10-19 13:27:23.695364,0.37102845624399533,cloud,0,10.518862313553951,371.0284562439953,381.5473185575493,0.3755764996130808
2025-10-19 13:27:23.761589,0.39458721441793376,cloud,1,9.754511174764783,394.58721441793375,404.34172559269854,0.37634154231040157
2025-10-19 13:27:23.827815,0.37855544730878293,cloud,2,10.470937116168953,378.55544730878296,389.0263844249519,0.37678987260798835
2025-10-19 13:27:23.894040,0.35507247920731405,cloud,0,9.280446946094793,355.0724792073141,364.3529261534089,0.3759319515210495
2025-10-19 13:27:23.960265,0.3783558581322068,cloud,1,8.375712833496806,378.3558581322068,386.7315709657036,0.3757056877060543
2025-10-19 13:27:24.026490,0.39534457984682,cloud,2,11.573487435369882,395.34457984681995,406.9180672821899,0.376245456035603
2025-10-19 13:27:24.092715,0.3555989922608286,cloud,0,7.1289052920477225,355.5989922608286,362.7278975528763,0.37564993734489344
2025-10-19 13:27:24.158940,0.38543680678764697,cloud,1,10.244701532030675,385.43680678764696,395.6815083196776,0.3756049899390652
2025-10-19 13:27:24.225166,0.39999383327218435,cloud,2,9.379344667466235,399.99383327218436,409.3731779396506,0.3763928587012279
2025-10-19 13:27:24.291391,0.37341639859882886,cloud,0,8.816468803124575,373.41639859882883,382.23286740195346,0.3766000237903123
2025-10-19 13:27:24.357616,0.36207819290812243,cloud,1,8.881904109330359,362.07819290812245,370.9600970174528,0.3760380073798619
2025-10-19 13:27:24.423841,0.3988557282929119,cloud,2,14.263737536032881,398.85572829291186,413.1194658289448,0.3767023257007914
2025-10-19 13:27:24.490066,0.3883900899981867,cloud,0,10.314396474389554,388.3900899981867,398.7044864725762,0.37746414678398593
2025-10-19 13:27:24.556291,0.373209019378163,cloud,1,11.310890889008697,373.20901937816296,384.51991026717167,0.3772277975740193
2025-10-19 13:27:24.622517,0.37606462653763356,cloud,2,12.070023619848314,376.06462653763356,388.1346501574819,0.3767005547349176
2025-10-19 13:27:24.688742,0.3830870712252546,cloud,0,9.893563079721556,383.0870712252546,392.98063430497615,0.3769212400940102
2025-10-19 13:27:24.754967,0.3992223139571639,cloud,1,14.518766987197505,399.2223139571639,413.7410809443614,0.37690673465186775
2025-10-19 13:27:24.821192,0.39797109130684627,cloud,2,21.241370428692274,397.9710913068463,419.21246173553857,0.3772435401025913
2025-10-19 13:27:24.887417,0.35343219403028847,cloud,0,9.789876054916238,353.4321940302885,363.2220700852047,0.37727377144329133
2025-10-19 13:27:24.953642,0.3491361598339999,cloud,1,9.743963646126844,349.13615983399995,358.88012348012677,0.3765058933143526
2025-10-19 13:27:25.019868,0.4031330556275825,cloud,2,7.697201862506737,403.1330556275825,410.8302574900892,0.3770509954214457
2025-10-19 13:27:25.086093,0.35099994400596796,cloud,0,8.204565752837388,350.99994400596796,359.20450975880533,0.3770760716194287
2025-10-19 13:27:25.152318,0.36090281743278924,cloud,1,10.343887194631128,360.9028174327892,371.2467046274204,0.37624082816283994
2025-10-19 13:27:25.218543,0.3789854481440055,cloud,2,24.47580952890161,378.9854481440055,403.4612576729071,0.3758972713590887
2025-10-19 13:27:25.284768,0.39156681047804687,cloud,0,6.644401123568511,391.5668104780469,398.2112116016154,0.37616517125321264
2025-10-19 13:27:25.350993,0.402180421301078,cloud,1,7.903815810211122,402.180421301078,410.0842371112891,0.3762829000081755
2025-10-19 13:27:25.417219,0.36946337554312697,cloud,2,12.690683753907562,369.463375543127,382.15405929703456,0.3764625377210319
2025-10-19 13:27:25.483444,0.3608639417780564,cloud,0,9.51174486416918,360.8639417780564,370.37568664222556,0.37622045195240744
2025-10-19 13:27:25.549669,0.385813975351865,cloud,1,11.073710936341714,385.813975351865,396.8876862882067,0.3759517438464537
2025-10-19 13:27:25.615894,0.4048524069946117,cloud,2,9.381497502150756,404.8524069946117,414.23390449676253,0.3762751899966515
2025-10-19 13:27:25.682119,0.3705340993560663,cloud,0,7.110679411205975,370.5340993560663,377.64477876727227,0.3757805058728898
2025-10-19 13:27:25.748344,0.3838433704931976,cloud,1,9.83334088591914,383.8433704931976,393.67671137911674,0.37618826438013697
2025-10-19 13:27:25.814570,0.36199242402495907,cloud,2,11.190246264239999,361.99242402495906,373.18267028919905,0.37619524102341373
2025-10-19 13:27:25.880795,0.35486709997325055,cloud,0,10.58402840189044,354.86709997325056,365.45112837514097,0.3762201768501386
2025-10-19 13:27:25.947020,0.36079465856220067,cloud,1,10.047040059876238,360.79465856220065,370.8416986220769,0.375511668456007
2025-10-19 13:27:26.013245,0.3536280438329878,cloud,2,9.119409173610746,353.62804383298777,362.74745300659856,0.37470555931061894
2025-10-19 13:27:26.079470,0.37296831586599677,cloud,0,10.685154027314661,372.9683158659968,383.65346989331147,0.3746877746908124
2025-10-19 13:27:26.145695,0.3749867515880958,cloud,1,6.703689369609442,374.9867515880958,381.6904409577053,0.3747987711236934
2025-10-19 13:27:26.211921,0.3799696324879463,cloud,2,9.955236655704162,379.9696324879463,389.9248691436504,0.3753925506455591
2025-10-19 13:27:26.278146,0.3528037108621691,cloud,0,13.421203996653448,352.8037108621691,366.22491485882256,0.3752056502151031
2025-10-19 13:27:26.344371,0.38393867320932956,cloud,1,10.057407305394968,383.9386732093296,393.9960805147245,0.3755209019860544
2025-10-19 13:27:26.410596,0.3529876620831975,cloud,2,9.534295462062378,352.9876620831975,362.52195754525985,0.3755401586171719
2025-10-19 13:27:26.476821,0.3891558308811044,cloud,0,11.510314540172986,389.1558308811044,400.66614542127735,0.3757878328304693
2025-10-19 13:27:26.543046,0.3918502288343191,cloud,1,11.934346512510222,391.85022883431907,403.78457534682934,0.37603217151225243
2025-10-19 13:27:26.609272,0.3985919504598431,cloud,2,10.483005326552234,398.5919504598431,409.0749557863953,0.37624558685016707
2025-10-19 13:27:26.675497,0.38920220865840566,cloud,0,9.639256613197196,389.20220865840565,398.8414652716029,0.37600356595176143
2025-10-19 13:27:26.741722,0.3540447085023012,cloud,1,10.240400639952927,354.0447085023012,364.2851091422541,0.37603164028922587
2025-10-19 13:27:26.807947,0.40425734695333937,cloud,2,13.297097900433567,404.2573469533394,417.5544448537729,0.37685604911430354
2025-10-19 13:27:26.874172,0.3693362455140151,cloud,0,12.51622370940575,369.3362455140151,381.8524692234209,0.3766499755942791
2025-10-19 13:27:26.940397,0.36256448506768446,cloud,1,9.054453772114208,362.5644850676845,371.61893883979866,0.376798323948253
2025-10-19 13:27:27.006623,0.350958118922606,cloud,2,9.472176260811475,350.958118922606,360.43029518341746,0.3763969172018253
2025-10-19 13:27:27.072848,0.3692125482104416,cloud,0,8.537949239555633,369.2125482104416,377.7504974499972,0.3758894238776754
2025-10-19 13:27:27.139073,0.37642525976210583,cloud,1,10.986764872834152,376.42525976210584,387.41202463494,0.3758468201267419
2025-10-19 13:27:27.205298,0.3794704589089322,cloud,2,9.708425908625852,379.47045890893224,389.17888481755807,0.3763347797207742
2025-10-19 13:27:27.271523,0.36527100604510165,cloud,0,9.04322671575358,365.2710060451017,374.31423276085525,0.37607308267903217
2025-10-19 13:27:27.337748,0.38021502871784146,cloud,1,11.969751905129419,380.21502871784145,392.1847806229709,0.37577049165645254
2025-10-19 13:27:27.403974,0.38142973369914046,cloud,2,22.73979484340867,381.42973369914046,404.16952854254913,0.3762871064852188
2025-10-19 13:27:27.470199,0.3599295550909836,cloud,0,8.727454679056315,359.9295550909836,368.65700977003996,0.3757769614512856
2025-10-19 13:27:27.536424,0.38988838328332104,cloud,1,8.200905333321588,389.88838328332105,398.0892886166426,0.3755748524515083
2025-10-19 13:27:27.602649,0.37718746208668774,cloud,2,9.989150466252667,377.18746208668773,387.1766125529404,0.3756502737212654
2025-10-19 13:27:27.668874,0.3662167600423383,cloud,0,14.513652128737075,366.21676004233825,380.73041217107533,0.3757330450639498
2025-10-19 13:27:27.735099,0.38664942912873307,cloud,1,10.758293149143489,386.64942912873306,397.4077222778766,0.3754889190806662
2025-10-19 13:27:27.801325,0.3603415092107801,cloud,2,7.530736850226085,360.34150921078015,367.8722460610062,0.37492794746491803
2025-10-19 13:27:27.867550,0.349515191711853,cloud,0,9.814661067209315,349.51519171185305,359.3298527790623,0.37445407091159183
2025-10-19 13:27:27.933775,0.3741141957116755,cloud,1,10.878097885153526,374.1141957116755,384.99229359682903,0.3744150622950727
2025-10-19 13:27:28.000000,0.38100665705126013,cloud,2,12.929283945337467,381.0066570512601,393.9359409965976,0.3743734540115928
2025-10-19 13:27:28.066225,0.38481414069595077,cloud,0,11.04494880701232,384.81414069595075,395.8590895029631,0.3740852905463685
2025-10-19 13:27:28.132450,0.3922355478173383,cloud,1,12.159246715917313,392.23554781733833,404.39479453325566,0.3739705796765784
2025-10-19 13:27:28.198675,0.39668047003042295,cloud,2,10.089551695133888,396.68047003042295,406.77002172555683,0.3748355451965811
2025-10-19 13:27:28.264901,0.40161886078138415,cloud,0,9.894379715185515,401.61886078138417,411.51324049656967,0.3758851992155288
2025-10-19 13:27:28.331126,0.40036092323412054,cloud,1,11.017518878399777,400.36092323412055,411.37844211252036,0.37582975656765943
2025-10-19 13:27:28.397351,0.39687140933481463,cloud,2,8.180858291216992,396.87140933481464,405.05226762603166,0.3767471858742365
2025-10-19 13:27:28.463576,0.3838161968672672,cloud,0,12.319982339365867,383.8161968672672,396.1361792066331,0.37720545346292594
2025-10-19 13:27:28.529801,0.37202268079088796,cloud,1,10.720412266921885,372.022680790888,382.74309305780986,0.3770661981158636
2025-10-19 13:27:28.596026,0.3693956528046529,cloud,2,8.971169662369032,369.3956528046529,378.36682246702196,0.3766227749623958
2025-10-19 13:27:28.662252,0.40239865476846,cloud,0,6.876377147568118,402.39865476846,409.27503191602807,0.3766271396317434
2025-10-19 13:27:28.728477,0.38331999932745064,cloud,1,11.840782448594968,383.31999932745066,395.1607817760456,0.3769042721074299
2025-10-19 13:27:28.794702,0.3767443585937068,cloud,2,10.158382182902585,376.7443585937068,386.9027407766094,0.37722188044374294
2025-10-19 13:27:28.860927,0.35611857269572456,cloud,0,9.918619166638567,356.11857269572454,366.0371918623631,0.37662797239062007
2025-10-19 13:27:28.927152,0.3751653980780093,cloud,1,10.280525886700804,375.16539807800933,385.4459239647101,0.37603423221228804
2025-10-19 13:27:28.993377,0.400137594028176,cloud,2,7.919889097998569,400.137594028176,408.0574831261746,0.3766263021057302
2025-10-19 13:27:29.059603,0.3658190775278464,cloud,0,9.382520932243738,365.81907752784645,375.20159846009017,0.3762658162464232
2025-10-19 13:27:29.125828,0.3720518025546429,cloud,1,8.44588717813567,372.05180255464285,380.49768973277855,0.37646700381701687
2025-10-19 13:27:29.192053,0.38681409708839004,cloud,2,8.218512663348438,386.81409708839004,395.0326097517385,0.37710594375931966
2025-10-19 13:27:29.258278,0.3682929805417865,cloud,0,9.347446453396428,368.2929805417865,377.6404269951829,0.3772559101989114
2025-10-19 13:27:29.324503,0.3650958766673595,cloud,1,10.713473286392144,365.0958766673595,375.8093499537516,0.3774852668555988
2025-10-19 13:27:29.390728,0.3761892512757649,cloud,2,7.376821323823283,376.1892512757649,383.5660725995882,0.37754968556379415
2025-10-19 13:27:29.456954,0.4026011643343758,cloud,0,27.529802606255842,402.6011643343758,430.1309669406317,0.3781019738187198
2025-10-19 13:27:29.523179,0.37714486118746265,cloud,1,9.923936903133782,377.14486118746265,387.06879809059643,0.3780454783927101
2025-10-19 13:27:29.589404,0.357091008765109,cloud,2,12.701582546390602,357.091008765109,369.7925913114996,0.3781312243507689
2025-10-19 13:27:29.655629,0.3750775488012121,cloud,0,8.561789046664735,375.07754880121206,383.6393378478768,0.3779540018626066
2025-10-19 13:27:29.721854,0.3573731127366143,cloud,1,11.723748065642642,357.3731127366143,369.09686080225697,0.3780417108756749
2025-10-19 13:27:29.788079,0.3683441472147022,cloud,2,9.314924367933605,368.3441472147022,377.6590715826358,0.37762547720234685
2025-10-19 13:27:29.854305,0.38408562213179104,cloud,0,21.20505246450448,384.085622131791,405.2906745962955,0.3774701850682963
2025-10-19 13:27:29.920530,0.3540286717760448,cloud,1,11.321079337466378,354.0286717760448,365.3497511135112,0.37657891949462036
2025-10-19 13:27:29.986755,0.4006289426147501,cloud,2,12.259719701183466,400.62894261475014,412.8886623159336,0.3768074541737472
2025-10-19 13:27:30.052980,0.38192406363695086,cloud,0,10.45155970571486,381.92406363695085,392.37562334266573,0.37736504127644027
2025-10-19 13:27:30.119205,0.369275796340921,cloud,1,8.648755409391967,369.275796340921,377.92455175031296,0.3766654102641918
2025-10-19 13:27:30.185430,0.3619460561751344,cloud,2,6.704880530183024,361.9460561751344,368.65093670531746,0.37651760647741417
2025-10-19 13:27:30.251656,0.40234143918052934,cloud,0,13.084327237035447,402.34143918052933,415.4257664175648,0.3773131455596711
2025-10-19 13:27:30.317881,0.3872769800484142,cloud,1,8.821815444284512,387.2769800484142,396.09879549269874,0.37803952278218733
2025-10-19 13:27:30.384106,0.36522819813396457,cloud,2,9.225539155645532,365.22819813396455,374.4537372896101,0.3779598357806578
2025-10-19 13:27:30.450331,0.3622569698049614,cloud,0,8.165151721523037,362.25696980496144,370.4221215264845,0.37767646998151483
2025-10-19 13:27:30.516556,0.3945058134401557,cloud,1,9.289923230182543,394.5058134401557,403.7957366703382,0.37797717707213935
2025-10-19 13:27:30.582781,0.37600603690196593,cloud,2,10.712470104904137,376.00603690196596,386.71850700687,0.37819187768927665
2025-10-19 13:27:30.649007,0.3775388146240188,cloud,0,8.627338209336799,377.53881462401876,386.16615283335557,0.37813835340740015
2025-10-19 13:27:30.715232,0.3849426139061785,cloud,1,9.926463933086385,384.9426139061785,394.8690778392649,0.37820861101154096
2025-10-19 13:27:30.781457,0.35868831363422715,cloud,2,11.759188579313482,358.68831363422714,370.4475022135406,0.3781837861824058
2025-10-19 13:27:30.847682,0.3871089947348983,cloud,0,11.432237109557263,387.1089947348983,398.5412318444556,0.37812819841143736
2025-10-19 13:27:30.913907,0.387235443830029,cloud,1,11.699691464331975,387.235443830029,398.935135294361,0.3783291580463041
2025-10-19 13:27:30.980132,0.4001470901808876,cloud,2,11.699921702383783,400.14709018088763,411.84701188327136,0.37900776464907515
2025-10-19 13:27:31.046358,0.3583760997107961,cloud,0,17.59954346859382,358.3760997107961,375.9756431793899,0.37844229806071644
2025-10-19 13:27:31.112583,0.3535739250148375,cloud,1,8.152837897558285,353.57392501483747,361.72676291239577,0.37830694637679757
2025-10-19 13:27:31.178808,0.39841043982792906,cloud,2,12.531944054371154,398.41043982792905,410.9423838823002,0.37928485133911916
2025-10-19 13:27:31.245033,0.38545665696008996,cloud,0,9.588861435633268,385.45665696008996,395.0455183957232,0.37951170056408734
2025-10-19 13:27:31.311258,0.39138933908851403,cloud,1,10.539237179072575,391.389339088514,401.9285762675866,0.3797193542048325
2025-10-19 13:27:31.377483,0.3679254706333181,cloud,2,9.794235771503564,367.92547063331807,377.71970640482164,0.3793815808035798
2025-10-19 13:27:31.443709,0.35774814297691504,cloud,0,10.974127525433198,357.74814297691506,368.72227050234824,0.3786918327067713
2025-10-19 13:27:31.509934,0.38138504721892225,cloud,1,9.008229607179773,381.38504721892224,390.393276826102,0.3783859242505413
2025-10-19 13:27:31.576159,0.36828224753065764,cloud,2,9.689083705730997,368.2822475306576,377.97133123638866,0.3777191919855267
2025-10-19 13:27:31.642384,0.3575443185280541,cloud,0,9.627901156208967,357.5443185280541,367.17221968426304,0.3768628598914055
2025-10-19 13:27:31.708609,0.3620177728938476,cloud,1,8.830944120768063,362.0177728938476,370.8487170146157,0.3761657871625861
2025-10-19 13:27:31.774834,0.37995718723221433,cloud,2,10.738580475608536,379.9571872322143,390.6957677078229,0.37608860696988505
2025-10-19 13:27:31.841060,0.39623454418757703,cloud,0,7.85217095845152,396.23454418757706,404.08671514602855,0.3765728442378189
2025-10-19 13:27:31.907285,0.39441223482830196,cloud,1,20.06760706088443,394.41223482830196,414.4798418891864,0.3770731758782918
2025-10-19 13:27:31.973510,0.3643296588478448,cloud,2,8.591207833677473,364.32965884784477,372.9208666815222,0.3763117959598795
2025-10-19 13:27:32.039735,0.3598556115517501,cloud,0,6.264924570222875,359.8556115517501,366.120536121973,0.3758425082043655
2025-10-19 13:27:32.105960,0.37345758442534194,cloud,1,11.052688714094495,373.45758442534196,384.51027313943644,0.3757767727209982
2025-10-19 13:27:32.172185,0.3568919969962246,cloud,2,10.19241531661041,356.8919969962246,367.084412312835,0.3757922412070082
2025-10-19 13:27:32.238411,0.38192344548877816,cloud,0,12.179604644643202,381.92344548877816,394.10305013342133,0.37592740215522363
2025-10-19 13:27:32.304636,0.3591433015153225,cloud,1,9.17674658404818,359.1433015153225,368.32004809937064,0.37510751630496647
2025-10-19 13:27:32.370861,0.3725749293443379,cloud,2,13.924853100526482,372.5749293443379,386.49978244486437,0.37524263334129637
2025-10-19 13:27:32.437086,0.40242042862423244,cloud,0,15.693228466475299,402.42042862423244,418.11365709070776,0.37585000586268813
2025-10-19 13:27:32.503311,0.3679484137786562,cloud,1,11.09911308738214,367.94841377865623,379.04752686603837,0.37547269219649343
2025-10-19 13:27:32.569536,0.36592995415198903,cloud,2,10.428002621658276,365.929954151989,376.3579567736473,0.3754254316686976
2025-10-19 13:27:32.635762,0.3882127741633833,cloud,0,11.323921535690982,388.2127741633833,399.5366956990743,0.375887769618618
2025-10-19 13:27:32.701987,0.37253825323413814,cloud,1,10.318063641687285,372.53825323413815,382.8563168758254,0.3758147496577855
2025-10-19 13:27:32.768212,0.3623465153246372,cloud,2,12.179516115130754,362.3465153246372,374.5260314397679,0.3750096566775906
2025-10-19 13:27:32.834437,0.3657853365934554,cloud,0,10.001642727371486,365.78533659345544,375.7869793208269,0.37478246618571054
2025-10-19 13:27:32.900662,0.3803476160110007,cloud,1,8.661612561208505,380.3476160110007,389.0092285722092,0.3752475983306284
2025-10-19 13:27:32.966887,0.3599511743411617,cloud,2,8.912221483136609,359.9511743411617,368.86339582429827,0.3749450708414274
2025-10-19 13:27:33.033113,0.35671110605745454,cloud,0,10.95037039143288,356.7111060574545,367.6614764488874,0.3749318307078442
2025-10-19 13:27:33.099338,0.40048173087479644,cloud,1,10.464138137999456,400.4817308747964,410.94586901279587,0.375574582381046
2025-10-19 13:27:33.165563,0.3776437474504822,cloud,2,10.156126350165268,377.6437474504822,387.79987380064745,0.3754457448874199
2025-10-19 13:27:33.231788,0.3989395567984212,cloud,0,8.23045644512145,398.93955679842117,407.17001324354266,0.37634396258786745
2025-10-19 13:27:33.298013,0.39114598312058735,cloud,1,8.790224625987328,391.14598312058735,399.93620774657467,0.37615430339798417
2025-10-19 13:27:33.364238,0.37912406682724803,cloud,2,10.677968607401748,379.12406682724804,389.8020354346497,0.3760983034617901
2025-10-19 13:27:33.430464,0.37010082594892896,cloud,0,9.136034788462219,370.10082594892896,379.23686073739117,0.37611480405395026
2025-10-19 13:27:33.496689,0.3551635690095888,cloud,1,10.769419591182649,355.1635690095888,365.93298860077147,0.37597915431063933
2025-10-19 13:27:33.562914,0.35919104773558513,cloud,2,8.369883030792373,359.19104773558513,367.5609307663775,0.37511614648174046
2025-10-19 13:27:33.629139,0.3538056343778615,cloud,0,9.873581914284395,353.8056343778615,363.6792162921459,0.3744467195683294
2025-10-19 13:27:33.695364,0.40045103987726394,cloud,1,10.682217169960559,400.45103987726395,411.1332570472245,0.3751511764031954
2025-10-19 13:27:33.761589,0.3694983784346287,cloud,2,12.668890346946108,369.4983784346287,382.1672687815748,0.3752960045757887
2025-10-19 13:27:33.827815,0.3825322370782492,cloud,0,10.408399222788946,382.5322370782492,392.9406363010381,0.3750565330485506
2025-10-19 13:27:33.894040,0.39351437682149976,cloud,1,9.41880309311635,393.51437682149975,402.93317991461606,0.37540669984694125
2025-10-19 13:27:33.960265,0.3945796602413703,cloud,2,12.832091041921853,394.57966024137033,407.4117512832922,0.3757475167592883
2025-10-19 13:27:34.026490,0.3905419433019332,cloud,0,10.170268715120006,390.5419433019332,400.7122120170532,0.37585950334720336
2025-10-19 13:27:34.092715,0.3566749939826098,cloud,1,9.648201621758123,356.6749939826098,366.3231956043679,0.375819236954171
2025-10-19 13:27:34.158940,0.37213121970214236,cloud,2,12.01873131134094,372.13121970214235,384.1499510134833,0.37551968145351594
2025-10-19 13:27:34.225166,0.3727562023253119,cloud,0,9.47460205153791,372.7562023253119,382.23080437684985,0.3752300966234216
2025-10-19 13:27:34.291391,0.4044087988131569,cloud,1,9.719455100528748,404.40879881315686,414.1282539136856,0.37531533079606694
2025-10-19 13:27:34.357616,0.364460124231705,cloud,2,11.305573303671286,364.460124231705,375.76569753537626,0.37543701128648516
2025-10-19 13:27:34.423841,0.34973194439071503,cloud,0,10.291752026681591,349.73194439071506,360.02369641739665,0.37536017167400276
2025-10-19 13:27:34.490066,0.3756538446021783,cloud,1,9.999695750666236,375.6538446021783,385.6535403528446,0.37490503976948764
2025-10-19 13:27:34.556291,0.38532649568364474,cloud,2,8.102541007120605,385.32649568364474,393.4290366907653,0.37490243654395883
2025-10-19 13:27:34.622517,0.3972468523393504,cloud,0,21.544491114339287,397.2468523393504,418.79134345368976,0.3750195868089755
2025-10-19 13:27:34.688742,0.3943256072735988,cloud,1,10.879492388573837,394.3256072735988,405.2050996621726,0.37554758954178113
2025-10-19 13:27:34.754967,0.35820162797022137,cloud,2,9.962813357931484,358.20162797022135,368.16444132815286,0.3755566592416473
2025-10-19 13:27:34.821192,0.393387051022458,cloud,0,9.310630237435294,393.387051022458,402.69768125989333,0.37579669931771803
2025-10-19 13:27:34.887417,0.3628134600791507,cloud,1,11.162298192861682,362.81346007915073,373.9757582720124,0.37568732356868784
2025-10-19 13:27:34.953642,0.3583787874693362,cloud,2,9.699857926173392,358.3787874693362,368.0786453955096,0.3757040129475135
2025-10-19 13:27:35.019868,0.38639685042401745,cloud,0,11.66141180480329,386.39685042401743,398.05826222882075,0.3761915944981169
2025-10-19 13:27:35.086093,0.38807044525983636,cloud,1,12.580157078228723,388.07044525983633,400.6506023380651,0.3763538596586693
2025-10-19 13:27:35.152318,0.4018366919059388,cloud,2,9.791699658543703,401.8366919059388,411.6283915644825,0.37646590261303653
2025-10-19 13:27:35.218543,0.40153460593691037,cloud,0,9.324299313937981,401.5346059369104,410.85890525084835,0.3766083500352087
2025-10-19 13:27:35.284768,0.39054339278929917,cloud,1,6.119506329632685,390.54339278929916,396.6628991189319,0.3771326247140378
2025-10-19 13:27:35.350993,0.36679075032603176,cloud,2,8.356205970022657,366.79075032603174,375.14695629605444,0.3772713274895234
2025-10-19 13:27:35.417219,0.3823094812656684,cloud,0,9.845307020123679,382.3094812656684,392.1547882857921,0.37744836542633
2025-10-19 13:27:35.483444,0.3533116323703424,cloud,1,8.171475914015344,353.3116323703424,361.48310828435774,0.37737675813381233
2025-10-19 13:27:35.549669,0.365194064210595,cloud,2,9.55743422115481,365.194064210595,374.75149843174984,0.3770421705082487
2025-10-19 13:27:35.615894,0.3929139280383536,cloud,0,25.99801724009756,392.9139280383536,418.9119452784512,0.37771758303870934
2025-10-19 13:27:35.682119,0.3986603276098736,cloud,1,9.525242817948158,398.6603276098736,408.18557042782174,0.37823929100402004
2025-10-19 13:27:35.748344,0.4027810132776026,cloud,2,8.218194835724617,402.7810132776026,410.9992081133272,0.37824650269708743
2025-10-19 13:27:35.814570,0.3735383444699675,cloud,0,9.795486215166424,373.53834446996746,383.3338306851339,0.37835830131091364
2025-10-19 13:27:35.880795,0.3562324563131388,cloud,1,11.627932330328631,356.2324563131388,367.86038864346745,0.3781643513541366
2025-10-19 13:27:35.947020,0.36378029147393987,cloud,2,9.287994452187446,363.7802914739399,373.06828592612726,0.3776757017003478
2025-10-19 13:27:36.013245,0.39265434215290074,cloud,0,11.456591697566102,392.6543421529007,404.11093385046684,0.378078023478723
2025-10-19 13:27:36.079470,0.39557219126154886,cloud,1,7.478566926174703,395.5721912615489,403.05075818772355,0.3787425369974613
2025-10-19 13:27:36.145695,0.37803042573781576,cloud,2,10.77930333516359,378.03042573781573,388.80972907297934,0.3789874387803484
2025-10-19 13:27:36.211921,0.39371569399934336,cloud,0,8.44613666701546,393.7156939993434,402.1618306663588,0.3792548003401153
2025-10-19 13:27:36.278146,0.3713273532801221,cloud,1,8.852341624217472,371.3273532801221,380.1796949043396,0.37948232391889447
2025-10-19 13:27:36.344371,0.3499318017926072,cloud,2,9.105523165878397,349.9318017926072,359.03732495848556,0.37934673783359757
2025-10-19 13:27:36.410596,0.3642059834907988,cloud,0,8.018281031889478,364.2059834907988,372.22426452268826,0.37862122288591765
2025-10-19 13:27:36.476821,0.3583904951186102,cloud,1,13.759462590894852,358.3904951186102,372.14995770950503,0.3782361578392801
2025-10-19 13:27:36.543046,0.3982257310469748,cloud,2,8.206712012705518,398.2257310469748,406.4324430596803,0.37822188132425116
2025-10-19 13:27:36.609272,0.3680059881830513,cloud,0,12.58497068846441,368.00598818305133,380.59095887151574,0.3777590814255005
2025-10-19 13:27:36.675497,0.3785708532382618,cloud,1,9.486565099303391,378.5708532382618,388.0574183375652,0.3777480171537208
2025-10-19 13:27:36.741722,0.38027083702794845,cloud,2,11.409500950694817,380.27083702794846,391.68033797864325,0.37795141737530114
2025-10-19 13:27:36.807947,0.3770078907822694,cloud,0,11.307859796629595,377.0078907822694,388.3157505788989,0.37838830381075483
2025-10-19 13:27:36.874172,0.3604260551021757,cloud,1,10.515928193263008,360.42605510217567,370.9419832954387,0.3784130039580866
2025-10-19 13:27:36.940397,0.3925260738301798,cloud,2,11.37192616697945,392.52607383017977,403.8979999971593,0.37918741274713297
2025-10-19 13:27:37.006623,0.35256564181844124,cloud,0,7.729575759264756,352.56564181844124,360.295217577706,0.3782297047859565
2025-10-19 13:27:37.072848,0.3930476398530802,cloud,1,8.437461273157682,393.0476398530802,401.4851011262379,0.37870069001432555
2025-10-19 13:27:37.139073,0.3906323304550242,cloud,2,10.444692620997705,390.6323304550242,401.07702307602193,0.37886269188186106
2025-10-19 13:27:37.205298,0.3619052218355014,cloud,0,7.512472777805889,361.9052218355014,369.4176946133073,0.3782305087821411
2025-10-19 13:27:37.271523,0.39526335449693717,cloud,1,12.352378648943168,395.26335449693715,407.61573314588037,0.37824418266725246
2025-10-19 13:27:37.337748,0.39419108945005926,cloud,2,10.389663085450962,394.1910894500593,404.5807525355102,0.37831716559021494
2025-10-19 13:27:37.403974,0.3597794944392308,cloud,0,11.855379529369342,359.7794944392308,371.6348739686001,0.3783792555993473
2025-10-19 13:27:37.470199,0.3987309173217729,cloud,1,10.883176056297692,398.7309173217729,409.6140933780706,0.37891124955174
2025-10-19 13:27:37.536424,0.35418446050384783,cloud,2,7.450451129469553,354.18446050384784,361.6349116333174,0.37853981471531073
2025-10-19 13:27:37.602649,0.3882403137931457,cloud,0,13.319636289751553,388.24031379314573,401.5599500828973,0.3782164450149104
2025-10-19 13:27:37.668874,0.36319347164256915,cloud,1,10.161512112348749,363.19347164256914,373.3549837549179,0.37819111196312777
2025-10-19 13:27:37.735099,0.3562297854508896,cloud,2,11.04006290790133,356.2297854508896,367.26984835879097,0.37832106878433125
2025-10-19 13:27:37.801325,0.3675122951641168,cloud,0,10.21143156844515,367.51229516411684,377.723726732562,0.37815823779557
2025-10-19 13:27:37.867550,0.39701422602496106,cloud,1,23.023647967607072,397.01422602496103,420.03787399256817,0.3783919924023963
2025-10-19 13:27:37.933775,0.40418125260098536,cloud,2,7.0986473321076256,404.1812526009854,411.279899933093,0.37853068040762905
2025-10-19 13:27:38.000000,0.3983899398624039,cloud,0,19.69205040358342,398.3899398624039,418.0819902659873,0.37861196705940514
